texto; disc. token (%); disc. split (%); disc. etiquetas (%); numero de tokens para %;numero de tokens anotador 1; numero de tokens anotador 2; numero de split para %; numero de split anotador 1; numero de split anotador 2; POS disc. anotador1; POS disc. anotador2; pares discrepantes (POS anotador1 : POS anotador2);discrepancias POS (POS1 - token1 : POS2 - token2);
['es-S0210-48062006000100012-1.txt_tagged'];0,000;0,000;1,961;204;204;204;8;8;8;[('doppler - NC00000', 1), ('correspondiente - AQ0CS0', 1), ('antiinflamatorios - NCMP000', 1), ('antibióticos - NCMP000', 1)];[('doppler - NP00000', 1), ('correspondiente - NCCS000', 1), ('antiinflamatorios - AQ0MP0', 1), ('antibióticos - AQ0MP0', 1)];[('[ NCMP000 : AQ0MP0 ]', 2), ('[ NC00000 : NP00000 ]', 1), ('[ AQ0CS0 : NCCS000 ]', 1)];['[ NC00000 - doppler : NP00000 - doppler ]', '[ AQ0CS0 - correspondiente : NCCS000 - correspondiente ]', '[ NCMP000 - antiinflamatorios : AQ0MP0 - antiinflamatorios ]', '[ NCMP000 - antibióticos : AQ0MP0 - antibióticos ]'];
['es-S0212-16112007000700016-1.txt_tagged'];0,000;0,000;1,335;824;824;824;25;25;25;[('líquido - NCMS000', 1), ('a - SPS00', 1), ('e - CC', 1), ('animales - AQ0CP0', 1), ('controlándose - VMG0000+P00CN000', 1), ('A - SPS00', 1), ('iniciada - NCFS000', 1), ('estabilizándose - VMG0000+P00CN000', 1), ('bebidas - VMP00PF', 1), ('ha - NC00000', 1), ('que - PR0CN000', 1)];[('líquido - AQMS0', 1), ('a - NCFS000', 1), ('e - NCFS000', 1), ('animales - AQ0FP0', 1), ('controlándose - VMG0000+PP3CN000', 1), ('A - S', 1), ('iniciada - VMP00SF', 1), ('estabilizándose - VMG0000+PP3CN000', 1), ('bebidas - NCFP000', 1), ('ha - VAIP3S0', 1), ('que - CS', 1)];[('[ VMG0000+P00CN000 : VMG0000+PP3CN000 ]', 2), ('[ NCMS000 : AQMS0 ]', 1), ('[ SPS00 : NCFS000 ]', 1), ('[ CC : NCFS000 ]', 1), ('[ AQ0CP0 : AQ0FP0 ]', 1), ('[ SPS00 : S ]', 1), ('[ NCFS000 : VMP00SF ]', 1), ('[ VMP00PF : NCFP000 ]', 1), ('[ NC00000 : VAIP3S0 ]', 1), ('[ PR0CN000 : CS ]', 1)];['[ NCMS000 - líquido : AQMS0 - líquido ]', '[ SPS00 - a : NCFS000 - a ]', '[ CC - e : NCFS000 - e ]', '[ AQ0CP0 - animales : AQ0FP0 - animales ]', '[ VMG0000+P00CN000 - controlándose : VMG0000+PP3CN000 - controlándose ]', '[ SPS00 - A : S - A ]', '[ NCFS000 - iniciada : VMP00SF - iniciada ]', '[ VMG0000+P00CN000 - estabilizándose : VMG0000+PP3CN000 - estabilizándose ]', '[ VMP00PF - bebidas : NCFP000 - bebidas ]', '[ NC00000 - ha : VAIP3S0 - ha ]', '[ PR0CN000 - que : CS - que ]'];
['S0210-48062006000300014-1.txt_tagged'];0,000;0,000;1,330;902;902;902;31;31;31;[('mas - RG', 1), ('Urea - NP00000', 1), ('primario - AQ0MS0', 1), ('submucosa - NCFS000', 1), ('perdida - NCFS000', 1), ('K+ - NC00000', 1), ('Rx - NC00000', 1), ('objetivándose - VMG0000+P00CN000', 1), ('Cromogranina - NP00000', 1), ('derecha - AQ0FS0', 1), ('consiguiéndose - VMG0000+P00CN000', 1), ('planteándose - VMG0000+P00CN000', 1)];[('mas - NC00000', 1), ('Urea - NCFS000', 1), ('primario - NCMS000', 1), ('submucosa - AQ0FS0', 1), ('perdida - VMP00SF', 1), ('K+ - NP00000', 1), ('Rx - NP00000', 1), ('objetivándose - VMG0000+PP3CN000', 1), ('Cromogranina - NCFS000', 1), ('derecha - NCFS000', 1), ('consiguiéndose - VMG0000+PP3CN000', 1), ('planteándose - VMG0000+PP3CN000', 1)];[('[ VMG0000+P00CN000 : VMG0000+PP3CN000 ]', 3), ('[ NP00000 : NCFS000 ]', 2), ('[ NC00000 : NP00000 ]', 2), ('[ RG : NC00000 ]', 1), ('[ AQ0MS0 : NCMS000 ]', 1), ('[ NCFS000 : AQ0FS0 ]', 1), ('[ NCFS000 : VMP00SF ]', 1), ('[ AQ0FS0 : NCFS000 ]', 1)];['[ RG - mas : NC00000 - mas ]', '[ NP00000 - Urea : NCFS000 - Urea ]', '[ AQ0MS0 - primario : NCMS000 - primario ]', '[ NCFS000 - submucosa : AQ0FS0 - submucosa ]', '[ NCFS000 - perdida : VMP00SF - perdida ]', '[ NC00000 - K+ : NP00000 - K+ ]', '[ NC00000 - Rx : NP00000 - Rx ]', '[ VMG0000+P00CN000 - objetivándose : VMG0000+PP3CN000 - objetivándose ]', '[ NP00000 - Cromogranina : NCFS000 - Cromogranina ]', '[ AQ0FS0 - derecha : NCFS000 - derecha ]', '[ VMG0000+P00CN000 - consiguiéndose : VMG0000+PP3CN000 - consiguiéndose ]', '[ VMG0000+P00CN000 - planteándose : VMG0000+PP3CN000 - planteándose ]'];
['es-S1130-01082009000400015-1.txt_tagged'];0,000;0,000;0,552;181;181;181;5;5;5;[('Paciente - NCCS000', 1)];[('Paciente - AQ0CS0', 1)];[('[ NCCS000 : AQ0CS0 ]', 1)];['[ NCCS000 - Paciente : AQ0CS0 - Paciente ]'];
['es-S1130-01082007000400015-1.txt_tagged'];0,000;0,000;0,877;228;228;228;9;9;9;[('practicándose - VMG0000+P00CN000', 1), ('base - NCFS000', 1)];[('practicándose - VMG0000+PP3CN000', 1), ('base - NCCS000', 1)];[('[ VMG0000+P00CN000 : VMG0000+PP3CN000 ]', 1), ('[ NCFS000 : NCCS000 ]', 1)];['[ VMG0000+P00CN000 - practicándose : VMG0000+PP3CN000 - practicándose ]', '[ NCFS000 - base : NCCS000 - base ]'];
['es-S0376-78922009000400002-1.txt_tagged'];0,000;0,000;0,830;241;241;241;10;10;10;[('coma - NCMS000', 1), ('alta - NCFS000', 1)];[('coma - VMSP3S0', 1), ('alta - AQ0FS0', 1)];[('[ NCMS000 : VMSP3S0 ]', 1), ('[ NCFS000 : AQ0FS0 ]', 1)];['[ NCMS000 - coma : VMSP3S0 - coma ]', '[ NCFS000 - alta : AQ0FS0 - alta ]'];
['S0365-66912004001100011-1.txt_tagged'];0,000;0,000;0,234;428;428;428;14;14;14;[('triple - NCMS000', 1)];[('triple - AQ0CS0', 1)];[('[ NCMS000 : AQ0CS0 ]', 1)];['[ NCMS000 - triple : AQ0CS0 - triple ]'];
['S1134-80462008000500004-2.txt_tagged'];0,000;0,000;1,186;253;253;253;10;10;10;[('diestra - AQ0FS0', 1), ('izquierda - AQ0FS0', 1), ('agregándose - VMG0000+P00CN000', 1)];[('diestra - NCFS000', 1), ('izquierda - NCFS000', 1), ('agregándose - VMG0000+PP3CN000', 1)];[('[ AQ0FS0 : NCFS000 ]', 2), ('[ VMG0000+P00CN000 : VMG0000+PP3CN000 ]', 1)];['[ AQ0FS0 - diestra : NCFS000 - diestra ]', '[ AQ0FS0 - izquierda : NCFS000 - izquierda ]', '[ VMG0000+P00CN000 - agregándose : VMG0000+PP3CN000 - agregándose ]'];
['es-S1130-63432015000100008-1.txt_tagged'];0,216;7,143;1,512;463;464;463;14;14;13;[('hidroclorotiazida - NCMS000', 2), ('i.v. - NC00000', 2), ('L - NC0000', 1), ('Recibía - VMII3S0', 1), ('consiguiéndose - VMG0000+P00CN000', 1)];[('hidroclorotiazida - NCFS000', 2), ('i.v. - NCFS000', 2), ('L. - NC00000', 1), ('Recibía - NP00000', 1), ('consiguiéndose - VMG0000+PP3CN000', 1)];[('[ NCMS000 : NCFS000 ]', 2), ('[ NC00000 : NCFS000 ]', 2), ('[ NC0000 : NC00000 ]', 1), ('[ VMII3S0 : NP00000 ]', 1), ('[ VMG0000+P00CN000 : VMG0000+PP3CN000 ]', 1)];['[ NC0000 - L : NC00000 - L. ]', '[ VMII3S0 - Recibía : NP00000 - Recibía ]', '[ NCMS000 - hidroclorotiazida : NCFS000 - hidroclorotiazida ]', '[ NCMS000 - hidroclorotiazida : NCFS000 - hidroclorotiazida ]', '[ NC00000 - i.v. : NCFS000 - i.v. ]', '[ NC00000 - i.v. : NCFS000 - i.v. ]', '[ VMG0000+P00CN000 - consiguiéndose : VMG0000+PP3CN000 - consiguiéndose ]'];
['es-S1137-66272009000500017-1.txt_tagged'];0,000;0,000;0,704;284;284;284;8;8;8;[('µg - NCMS000', 1), ('µg - NC00000', 1)];[('µg - NC00000', 1), ('µg - NCMS000', 1)];[('[ NCMS000 : NC00000 ]', 1), ('[ NC00000 : NCMS000 ]', 1)];['[ NCMS000 - µg : NC00000 - µg ]', '[ NC00000 - µg : NCMS000 - µg ]'];
['S1134-80462005000300007-1.txt_tagged'];0,000;0,000;0,407;492;492;492;16;16;16;[('informe - NCMS000', 1), ('realizándose - VMG0000+P00CN000', 1)];[('informe - AQ0CS0', 1), ('realizándose - VMG0000+PP3CN000', 1)];[('[ NCMS000 : AQ0CS0 ]', 1), ('[ VMG0000+P00CN000 : VMG0000+PP3CN000 ]', 1)];['[ NCMS000 - informe : AQ0CS0 - informe ]', '[ VMG0000+P00CN000 - realizándose : VMG0000+PP3CN000 - realizándose ]'];
['S0378-48352006000400005-1.txt_tagged'];0,000;0,000;0,700;1285;1285;1285;40;40;40;[('asociada - NCFS000', 1), ('ser - NCMS000', 1), ('x - NCFS000', 1), ('Carcinoma - NP00000', 1), ('Fluoropirimidinas9 - NCFP000', 1), ('19x10x5 - Z', 1), ('frente - RG', 1), ('secundario - NCMS000', 1), ('produciéndose - VMG0000+P00CN000', 1)];[('asociada - VMP00SF', 1), ('ser - VMN0000', 1), ('x - SPS00', 1), ('Carcinoma - NCMS000', 1), ('Fluoropirimidinas9 - NC00000', 1), ('19x10x5 - NC00000', 1), ('frente - NCFS000', 1), ('secundario - AQ0MS0', 1), ('produciéndose - VMG0000+PP3CN000', 1)];[('[ NCFS000 : VMP00SF ]', 1), ('[ NCMS000 : VMN0000 ]', 1), ('[ NCFS000 : SPS00 ]', 1), ('[ NP00000 : NCMS000 ]', 1), ('[ NCFP000 : NC00000 ]', 1), ('[ Z : NC00000 ]', 1), ('[ RG : NCFS000 ]', 1), ('[ NCMS000 : AQ0MS0 ]', 1), ('[ VMG0000+P00CN000 : VMG0000+PP3CN000 ]', 1)];['[ NCFS000 - asociada : VMP00SF - asociada ]', '[ NCMS000 - ser : VMN0000 - ser ]', '[ NCFS000 - x : SPS00 - x ]', '[ NP00000 - Carcinoma : NCMS000 - Carcinoma ]', '[ NCFP000 - Fluoropirimidinas9 : NC00000 - Fluoropirimidinas9 ]', '[ Z - 19x10x5 : NC00000 - 19x10x5 ]', '[ RG - frente : NCFS000 - frente ]', '[ NCMS000 - secundario : AQ0MS0 - secundario ]', '[ VMG0000+P00CN000 - produciéndose : VMG0000+PP3CN000 - produciéndose ]'];
['S0210-48062006000300016-1.txt_tagged'];0,253;0,000;1,774;789;789;797;46;46;46;[('observándose - VMG0000+P00CN000', 2), ('3x2,5x1,2 - Z', 2), ('dependiente - NCMS000', 1), ('Pruebas_Analíticas_Complementarias - NCFS000', 1), ('negativa - AQ0FS0', 1), ('Técnicas_de_Imagen - NCFS000', 1), ('derecho - AQ0MS0', 1), ('izquierda - NCFS000', 1), ('objetivándose - VMG0000+P00CN000', 1), ('decidiéndose - VMG0000+P00CN000', 1), ('derecho - NCMS000', 1), ('Descripción - NP00000', 1)];[('observándose - VMG0000+PP3CN000', 2), ('3x2 - Z', 2), ('dependiente - AQ0CS0', 1), ('Pruebas_Analíticas_Complementarias - NP00000', 1), ('negativa - NCFS000', 1), ('Técnicas_de_Imagen - NCFP000', 1), ('derecho - NCMS000', 1), ('izquierda - AQ0FS0', 1), ('objetivándose - VMG0000+PP3CN000', 1), ('decidiéndose - VMG0000+PP3CN000', 1), ('derecho - AQ0MS0', 1), ('Descripción - NCFS000', 1)];[('[ VMG0000+P00CN000 : VMG0000+PP3CN000 ]', 4), ('[ Z : Z ]', 2), ('[ NCMS000 : AQ0CS0 ]', 1), ('[ NCFS000 : NP00000 ]', 1), ('[ AQ0FS0 : NCFS000 ]', 1), ('[ NCFS000 : NCFP000 ]', 1), ('[ AQ0MS0 : NCMS000 ]', 1), ('[ NCFS000 : AQ0FS0 ]', 1), ('[ NCMS000 : AQ0MS0 ]', 1), ('[ NP00000 : NCFS000 ]', 1)];['[ NCMS000 - dependiente : AQ0CS0 - dependiente ]', '[ NCFS000 - Pruebas_Analíticas_Complementarias : NP00000 - Pruebas_Analíticas_Complementarias ]', '[ AQ0FS0 - negativa : NCFS000 - negativa ]', '[ NCFS000 - Técnicas_de_Imagen : NCFP000 - Técnicas_de_Imagen ]', '[ AQ0MS0 - derecho : NCMS000 - derecho ]', '[ VMG0000+P00CN000 - observándose : VMG0000+PP3CN000 - observándose ]', '[ VMG0000+P00CN000 - observándose : VMG0000+PP3CN000 - observándose ]', '[ NCFS000 - izquierda : AQ0FS0 - izquierda ]', '[ VMG0000+P00CN000 - objetivándose : VMG0000+PP3CN000 - objetivándose ]', '[ VMG0000+P00CN000 - decidiéndose : VMG0000+PP3CN000 - decidiéndose ]', '[ Z - 3x2,5x1,2 : Z - 3x2 ]', '[ Z - 3x2,5x1,2 : Z - 3x2 ]', '[ NCMS000 - derecho : AQ0MS0 - derecho ]', '[ NP00000 - Descripción : NCFS000 - Descripción ]'];
['S1139-76322011000300008-1.txt_tagged'];0,000;0,000;1,394;287;287;287;11;11;11;[('ha - NC00000', 2), ('paciente - AQ0CS0', 1), ('remite - NCMS000', 1)];[('ha - VAIP3S0', 2), ('paciente - NCCS000', 1), ('remite - VMIP3S0', 1)];[('[ NC00000 : VAIP3S0 ]', 2), ('[ AQ0CS0 : NCCS000 ]', 1), ('[ NCMS000 : VMIP3S0 ]', 1)];['[ NC00000 - ha : VAIP3S0 - ha ]', '[ AQ0CS0 - paciente : NCCS000 - paciente ]', '[ NC00000 - ha : VAIP3S0 - ha ]', '[ NCMS000 - remite : VMIP3S0 - remite ]'];
['es-S1130-01082007000400010-1.txt_tagged'];0,000;0,000;0,998;601;601;601;26;26;26;[('que - PR0CN000', 1), ('comprobándose - VMG0000+P00CN000', 1), ('indefinidos - AQ0MP0', 1), ('bajo - SPS00', 1), ('alta - NCFS000', 1), ('confirmándose - VMG0000+P00CN000', 1)];[('que - CS', 1), ('comprobándose - VMG0000+PP3CN000', 1), ('indefinidos - NCMP000', 1), ('bajo - AQ0MS0', 1), ('alta - AQ0FS0', 1), ('confirmándose - VMG0000+PP3CN000', 1)];[('[ VMG0000+P00CN000 : VMG0000+PP3CN000 ]', 2), ('[ PR0CN000 : CS ]', 1), ('[ AQ0MP0 : NCMP000 ]', 1), ('[ SPS00 : AQ0MS0 ]', 1), ('[ NCFS000 : AQ0FS0 ]', 1)];['[ PR0CN000 - que : CS - que ]', '[ VMG0000+P00CN000 - comprobándose : VMG0000+PP3CN000 - comprobándose ]', '[ AQ0MP0 - indefinidos : NCMP000 - indefinidos ]', '[ SPS00 - bajo : AQ0MS0 - bajo ]', '[ NCFS000 - alta : AQ0FS0 - alta ]', '[ VMG0000+P00CN000 - confirmándose : VMG0000+PP3CN000 - confirmándose ]'];
['es-S0365-66912007000900016-1.txt_tagged'];0,000;0,000;0,550;545;545;545;18;18;18;[('derecho - AQ0MS0', 1), ('evidenciarse - VMN0000+P00CN000', 1), ('apreciándose - VMG0000+P00CN000', 1)];[('derecho - NCMS000', 1), ('evidenciarse - VMN0000+PP3CN000', 1), ('apreciándose - VMG0000+PP3CN000', 1)];[('[ AQ0MS0 : NCMS000 ]', 1), ('[ VMN0000+P00CN000 : VMN0000+PP3CN000 ]', 1), ('[ VMG0000+P00CN000 : VMG0000+PP3CN000 ]', 1)];['[ AQ0MS0 - derecho : NCMS000 - derecho ]', '[ VMN0000+P00CN000 - evidenciarse : VMN0000+PP3CN000 - evidenciarse ]', '[ VMG0000+P00CN000 - apreciándose : VMG0000+PP3CN000 - apreciándose ]'];
['S0210-48062006000100016-1.txt_tagged'];0,000;0,000;0,694;144;144;144;7;7;7;[('confirmándose - VMG0000+P00CN000', 1)];[('confirmándose - VMG0000+PP3CN000', 1)];[('[ VMG0000+P00CN000 : VMG0000+PP3CN000 ]', 1)];['[ VMG0000+P00CN000 - confirmándose : VMG0000+PP3CN000 - confirmándose ]'];
['es-S1130-01082006001000017-1.txt_tagged'];0,000;0,000;0,000;116;116;116;8;8;8;[];[];[];[];
['es-S1137-66272011000100012-1.txt_tagged'];0,000;0,000;1,873;267;267;267;16;16;16;[('asma - NCMS000', 2), ('D-AAT - NC00000', 2), ('roncus - NCMP000', 1)];[('asma - NCFS000', 2), ('D-AAT - NP00000', 2), ('roncus - NCMS000', 1)];[('[ NCMS000 : NCFS000 ]', 2), ('[ NC00000 : NP00000 ]', 2), ('[ NCMP000 : NCMS000 ]', 1)];['[ NCMP000 - roncus : NCMS000 - roncus ]', '[ NCMS000 - asma : NCFS000 - asma ]', '[ NC00000 - D-AAT : NP00000 - D-AAT ]', '[ NCMS000 - asma : NCFS000 - asma ]', '[ NC00000 - D-AAT : NP00000 - D-AAT ]'];
['es-S1130-01082009000500012-1.txt_tagged'];0,000;0,000;2,341;299;299;299;12;12;12;[('haberse - VAN0000+P00CN000', 1), ('descartarse - VMN0000+P00CN000', 1), ('pudiéndose - VMG0000+P00CN000', 1), ('darse - VMN0000+P00CN000', 1), ('paciente - NCCS000', 1), ('ha - NC00000', 1), ('encontrándose - VMG0000+P00CN000', 1)];[('haberse - VAN0000+PP3CN000', 1), ('descartarse - VMN0000+PP3CN000', 1), ('pudiéndose - VMG0000+PP3CN000', 1), ('darse - VMN0000+PP3CN000', 1), ('paciente - AQ0CS0', 1), ('ha - VAIP3S0', 1), ('encontrándose - VMG0000+PP3CN000', 1)];[('[ VMN0000+P00CN000 : VMN0000+PP3CN000 ]', 2), ('[ VMG0000+P00CN000 : VMG0000+PP3CN000 ]', 2), ('[ VAN0000+P00CN000 : VAN0000+PP3CN000 ]', 1), ('[ NCCS000 : AQ0CS0 ]', 1), ('[ NC00000 : VAIP3S0 ]', 1)];['[ VAN0000+P00CN000 - haberse : VAN0000+PP3CN000 - haberse ]', '[ VMN0000+P00CN000 - descartarse : VMN0000+PP3CN000 - descartarse ]', '[ VMG0000+P00CN000 - pudiéndose : VMG0000+PP3CN000 - pudiéndose ]', '[ VMN0000+P00CN000 - darse : VMN0000+PP3CN000 - darse ]', '[ NCCS000 - paciente : AQ0CS0 - paciente ]', '[ NC00000 - ha : VAIP3S0 - ha ]', '[ VMG0000+P00CN000 - encontrándose : VMG0000+PP3CN000 - encontrándose ]'];
['es-S1130-05582014000400008-1.txt_tagged'];0,000;0,000;0,920;326;326;326;13;13;13;[('negativa - AQ0FS0', 1), ('comprobándose - VMG0000+P00CN000', 1), ('hemangioma - NCFS000', 1)];[('negativa - NCFS000', 1), ('comprobándose - VMG0000+PP3CN000', 1), ('hemangioma - NCMS000', 1)];[('[ AQ0FS0 : NCFS000 ]', 1), ('[ VMG0000+P00CN000 : VMG0000+PP3CN000 ]', 1), ('[ NCFS000 : NCMS000 ]', 1)];['[ AQ0FS0 - negativa : NCFS000 - negativa ]', '[ VMG0000+P00CN000 - comprobándose : VMG0000+PP3CN000 - comprobándose ]', '[ NCFS000 - hemangioma : NCMS000 - hemangioma ]'];
['es-S1130-01082009000600013-1.txt_tagged'];0,000;0,000;0,621;161;161;161;7;7;7;[('paraqueratosis - NCFS000', 1)];[('paraqueratosis - NCFN000', 1)];[('[ NCFS000 : NCFN000 ]', 1)];['[ NCFS000 - paraqueratosis : NCFN000 - paraqueratosis ]'];
['es-S0212-71992008000700009-1.txt_tagged'];0,000;0,000;0,955;419;419;419;15;15;15;[('derecho - AQ0MS0', 1), ('realizarse - VMN0000+P00CN000', 1), ('descartarse - VMN0000+P00CN000', 1), ('dolorosa - AQ0FS0', 1)];[('derecho - NCMS000', 1), ('realizarse - VMN0000+PP3CN000', 1), ('descartarse - VMN0000+PP3CN000', 1), ('dolorosa - NCFS000', 1)];[('[ VMN0000+P00CN000 : VMN0000+PP3CN000 ]', 2), ('[ AQ0MS0 : NCMS000 ]', 1), ('[ AQ0FS0 : NCFS000 ]', 1)];['[ AQ0MS0 - derecho : NCMS000 - derecho ]', '[ VMN0000+P00CN000 - realizarse : VMN0000+PP3CN000 - realizarse ]', '[ VMN0000+P00CN000 - descartarse : VMN0000+PP3CN000 - descartarse ]', '[ AQ0FS0 - dolorosa : NCFS000 - dolorosa ]'];
['es-S0210-48062006000900012-1.txt_tagged'];0,000;0,000;2,232;224;224;224;12;12;12;[('basal - AQ0CS0', 2), ('refractario - AQ0MS0', 1), ('alta - NCMS000', 1), ('ha - VAIP3S0', 1)];[('basal - AQ0CP0', 2), ('refractario - AQMS00', 1), ('alta - AQ0FS0', 1), ('ha - NC00000', 1)];[('[ AQ0CS0 : AQ0CP0 ]', 2), ('[ AQ0MS0 : AQMS00 ]', 1), ('[ NCMS000 : AQ0FS0 ]', 1), ('[ VAIP3S0 : NC00000 ]', 1)];['[ AQ0MS0 - refractario : AQMS00 - refractario ]', '[ AQ0CS0 - basal : AQ0CP0 - basal ]', '[ NCMS000 - alta : AQ0FS0 - alta ]', '[ VAIP3S0 - ha : NC00000 - ha ]', '[ AQ0CS0 - basal : AQ0CP0 - basal ]'];
['es-S1130-63432015000200008-1.txt_tagged'];0,000;0,000;1,185;422;422;422;21;21;21;[('adyuvante - NCMS000', 1), ('Se - P03CN000', 1), ('evidencia - NCFS000', 1), ('iniciándose - VMG0000+P00CN000', 1), ('negativos - NCMP000', 1)];[('adyuvante - AQ0MS0', 1), ('Se - P00CN000', 1), ('evidencia - VMIP3S0', 1), ('iniciándose - VMG0000+PP3CN000', 1), ('negativos - AQ0MP0', 1)];[('[ NCMS000 : AQ0MS0 ]', 1), ('[ P03CN000 : P00CN000 ]', 1), ('[ NCFS000 : VMIP3S0 ]', 1), ('[ VMG0000+P00CN000 : VMG0000+PP3CN000 ]', 1), ('[ NCMP000 : AQ0MP0 ]', 1)];['[ NCMS000 - adyuvante : AQ0MS0 - adyuvante ]', '[ P03CN000 - Se : P00CN000 - Se ]', '[ NCFS000 - evidencia : VMIP3S0 - evidencia ]', '[ VMG0000+P00CN000 - iniciándose : VMG0000+PP3CN000 - iniciándose ]', '[ NCMP000 - negativos : AQ0MP0 - negativos ]'];
['es-S0004-06142005000900016-1.txt_tagged'];0,000;0,000;4,292;233;233;233;11;11;11;[('derecha - AQ0FS0', 5), ('ulcus - NC00000', 1), ('objetiva - VMIP3S0', 1), ('hemangioma - NCMS000', 1), ('alta - NCMS000', 1), ('ha - VAIP3S0', 1)];[('derecha - NCFS000', 5), ('ulcus - NCMS000', 1), ('objetiva - AQ0FS0', 1), ('hemangioma - NCFS000', 1), ('alta - AQ0FS0', 1), ('ha - NC00000', 1)];[('[ AQ0FS0 : NCFS000 ]', 5), ('[ NC00000 : NCMS000 ]', 1), ('[ VMIP3S0 : AQ0FS0 ]', 1), ('[ NCMS000 : NCFS000 ]', 1), ('[ NCMS000 : AQ0FS0 ]', 1), ('[ VAIP3S0 : NC00000 ]', 1)];['[ NC00000 - ulcus : NCMS000 - ulcus ]', '[ AQ0FS0 - derecha : NCFS000 - derecha ]', '[ VMIP3S0 - objetiva : AQ0FS0 - objetiva ]', '[ AQ0FS0 - derecha : NCFS000 - derecha ]', '[ AQ0FS0 - derecha : NCFS000 - derecha ]', '[ AQ0FS0 - derecha : NCFS000 - derecha ]', '[ AQ0FS0 - derecha : NCFS000 - derecha ]', '[ NCMS000 - hemangioma : NCFS000 - hemangioma ]', '[ NCMS000 - alta : AQ0FS0 - alta ]', '[ VAIP3S0 - ha : NC00000 - ha ]'];
['S1134-80462009000800004-1.txt_tagged'];0,000;0,000;0,162;619;619;619;22;22;22;[('fantasma - NCMS000', 1)];[('fantasma - AQ0MS0', 1)];[('[ NCMS000 : AQ0MS0 ]', 1)];['[ NCMS000 - fantasma : AQ0MS0 - fantasma ]'];
['S0365-66912004001100012-1.txt_tagged'];0,000;0,000;1,312;381;381;381;14;14;14;[('i - NC00000', 2), ('mismo - AQ0MS0', 1), ('conservantes - NCMP000', 1), ('hiposfagma - NCFS000', 1)];[('i - NCFS000', 2), ('mismo - PI0MS000', 1), ('conservantes - AQ0CP0', 1), ('hiposfagma - NCMS000', 1)];[('[ NC00000 : NCFS000 ]', 2), ('[ AQ0MS0 : PI0MS000 ]', 1), ('[ NCMP000 : AQ0CP0 ]', 1), ('[ NCFS000 : NCMS000 ]', 1)];['[ AQ0MS0 - mismo : PI0MS000 - mismo ]', '[ NC00000 - i : NCFS000 - i ]', '[ NC00000 - i : NCFS000 - i ]', '[ NCMP000 - conservantes : AQ0CP0 - conservantes ]', '[ NCFS000 - hiposfagma : NCMS000 - hiposfagma ]'];
['S1139-76322013000100010-1.txt_tagged'];0,000;0,000;0,383;261;261;261;7;7;7;[('ha - NC00000', 1)];[('ha - VAIP3S0', 1)];[('[ NC00000 : VAIP3S0 ]', 1)];['[ NC00000 - ha : VAIP3S0 - ha ]'];
['es-S0212-71992007001000007-1.txt_tagged'];0,000;0,000;1,143;525;525;525;27;27;27;[('Hb - NC00000', 1), ('Na - NC00000', 1), ('proteinograma - NCFS000', 1), ('pautándose - VMG0000+P00CN000', 1), ('A - NC00000', 1), ('tuberculostáticos - NCMP000', 1)];[('Hb - NP00000', 1), ('Na - NP00000', 1), ('proteinograma - NCMS000', 1), ('pautándose - VMG0000+PP3CN000', 1), ('A - SPS00', 1), ('tuberculostáticos - AQ0MP0', 1)];[('[ NC00000 : NP00000 ]', 2), ('[ NCFS000 : NCMS000 ]', 1), ('[ VMG0000+P00CN000 : VMG0000+PP3CN000 ]', 1), ('[ NC00000 : SPS00 ]', 1), ('[ NCMP000 : AQ0MP0 ]', 1)];['[ NC00000 - Hb : NP00000 - Hb ]', '[ NC00000 - Na : NP00000 - Na ]', '[ NCFS000 - proteinograma : NCMS000 - proteinograma ]', '[ VMG0000+P00CN000 - pautándose : VMG0000+PP3CN000 - pautándose ]', '[ NC00000 - A : SPS00 - A ]', '[ NCMP000 - tuberculostáticos : AQ0MP0 - tuberculostáticos ]'];
['S0210-48062006000200017-1.txt_tagged'];0,000;0,000;1,279;469;469;469;24;24;24;[('II - Z', 1), ('IV - Z', 1), ('Hemograma - NCMS000', 1), ('Ecografía - NCFS000', 1), ('Urografía - NCFS000', 1), ('Cistoscopia - NCFS000', 1)];[('II - NC00000', 1), ('IV - NC00000', 1), ('Hemograma - NP00000', 1), ('Ecografía - NP00000', 1), ('Urografía - NP00000', 1), ('Cistoscopia - NP00000', 1)];[('[ NCFS000 : NP00000 ]', 3), ('[ Z : NC00000 ]', 2), ('[ NCMS000 : NP00000 ]', 1)];['[ Z - II : NC00000 - II ]', '[ Z - IV : NC00000 - IV ]', '[ NCMS000 - Hemograma : NP00000 - Hemograma ]', '[ NCFS000 - Ecografía : NP00000 - Ecografía ]', '[ NCFS000 - Urografía : NP00000 - Urografía ]', '[ NCFS000 - Cistoscopia : NP00000 - Cistoscopia ]'];
['es-S0212-16112007000600015-1.txt_tagged'];0,000;0,000;1,468;477;477;477;19;19;19;[('donante - AQ0CS0', 1), ('potencial - NCMS000', 1), ('destacándose - VMG0000+P00CN000', 1), ('agregándose - VMG0000+P00CN000', 1), ('teórico - AQ0MS0', 1), ('macro - NCFS000', 1), ('mínima - AQ0FS0', 1)];[('donante - NCCS000', 1), ('potencial - AQ0CS0', 1), ('destacándose - VMG0000+PP3CN000', 1), ('agregándose - VMG0000+PP3CN000', 1), ('teórico - NCMS000', 1), ('macro - AQ0CS0', 1), ('mínima - NCFS000', 1)];[('[ VMG0000+P00CN000 : VMG0000+PP3CN000 ]', 2), ('[ AQ0CS0 : NCCS000 ]', 1), ('[ NCMS000 : AQ0CS0 ]', 1), ('[ AQ0MS0 : NCMS000 ]', 1), ('[ NCFS000 : AQ0CS0 ]', 1), ('[ AQ0FS0 : NCFS000 ]', 1)];['[ AQ0CS0 - donante : NCCS000 - donante ]', '[ NCMS000 - potencial : AQ0CS0 - potencial ]', '[ VMG0000+P00CN000 - destacándose : VMG0000+PP3CN000 - destacándose ]', '[ VMG0000+P00CN000 - agregándose : VMG0000+PP3CN000 - agregándose ]', '[ AQ0MS0 - teórico : NCMS000 - teórico ]', '[ NCFS000 - macro : AQ0CS0 - macro ]', '[ AQ0FS0 - mínima : NCFS000 - mínima ]'];
['S0211-69952013000700025-1.txt_tagged'];0,000;0,000;0,222;450;450;450;15;15;15;[('paciente - AQ0CS0', 1)];[('paciente - NCCS000', 1)];[('[ AQ0CS0 : NCCS000 ]', 1)];['[ AQ0CS0 - paciente : NCCS000 - paciente ]'];
['S0365-66912012000800004-1.txt_tagged'];0,000;0,000;1,244;402;402;402;12;12;12;[('Paciente - NCCS000', 1), ('Biomicroscópicamente - NP00000', 1), ('confirmándose - VMG0000+P00CN000', 1), ('observándose - VMG0000+P00CN000', 1), ('sellarse - VMN0000+P00CN000', 1)];[('Paciente - AQ0CS0', 1), ('Biomicroscópicamente - RG', 1), ('confirmándose - VMG0000+PP3CN000', 1), ('observándose - VMG0000+PP3CN000', 1), ('sellarse - VMN0000+PP3CN000', 1)];[('[ VMG0000+P00CN000 : VMG0000+PP3CN000 ]', 2), ('[ NCCS000 : AQ0CS0 ]', 1), ('[ NP00000 : RG ]', 1), ('[ VMN0000+P00CN000 : VMN0000+PP3CN000 ]', 1)];['[ NCCS000 - Paciente : AQ0CS0 - Paciente ]', '[ NP00000 - Biomicroscópicamente : RG - Biomicroscópicamente ]', '[ VMG0000+P00CN000 - confirmándose : VMG0000+PP3CN000 - confirmándose ]', '[ VMG0000+P00CN000 - observándose : VMG0000+PP3CN000 - observándose ]', '[ VMN0000+P00CN000 - sellarse : VMN0000+PP3CN000 - sellarse ]'];
['S1139-76322013000100009-1.txt_tagged'];0,000;0,000;1,395;215;215;215;10;10;10;[('Padres - NCMS000', 1), ('resolverse - VMN0000+P00CN000', 1), ('precisa - AQ0FS0', 1)];[('Padres - NCMP000', 1), ('resolverse - VMN0000+PP3CN000', 1), ('precisa - VMIP3S0', 1)];[('[ NCMS000 : NCMP000 ]', 1), ('[ VMN0000+P00CN000 : VMN0000+PP3CN000 ]', 1), ('[ AQ0FS0 : VMIP3S0 ]', 1)];['[ NCMS000 - Padres : NCMP000 - Padres ]', '[ VMN0000+P00CN000 - resolverse : VMN0000+PP3CN000 - resolverse ]', '[ AQ0FS0 - precisa : VMIP3S0 - precisa ]'];
['es-S1130-05582014000400006-1.txt_tagged'];0,000;0,000;0,641;468;468;468;11;11;11;[('paciente - NCCS000', 1), ('masculino - AQ0MS0', 1), ('d - NC00000', 1)];[('paciente - AQ0CS0', 1), ('masculino - NCMS000', 1), ('d - NCFS000', 1)];[('[ NCCS000 : AQ0CS0 ]', 1), ('[ AQ0MS0 : NCMS000 ]', 1), ('[ NC00000 : NCFS000 ]', 1)];['[ NCCS000 - paciente : AQ0CS0 - paciente ]', '[ AQ0MS0 - masculino : NCMS000 - masculino ]', '[ NC00000 - d : NCFS000 - d ]'];
['es-S1130-01082007000400016-1.txt_tagged'];0,000;0,000;0,817;367;367;367;13;13;13;[('coma - NCMS000', 1), ('establecerse - VMN0000+P00CN000', 1), ('x - SPS00', 1)];[('coma - NCCS000', 1), ('establecerse - VMN0000+PP3CN000', 1), ('x - NCFS000', 1)];[('[ NCMS000 : NCCS000 ]', 1), ('[ VMN0000+P00CN000 : VMN0000+PP3CN000 ]', 1), ('[ SPS00 : NCFS000 ]', 1)];['[ NCMS000 - coma : NCCS000 - coma ]', '[ VMN0000+P00CN000 - establecerse : VMN0000+PP3CN000 - establecerse ]', '[ SPS00 - x : NCFS000 - x ]'];
['es-S0212-16112009000300015-1.txt_tagged'];0,000;0,000;1,181;254;254;254;12;12;12;[('realizándose - VMG0000+P00CN000', 1), ('infundiéndose - VMG0000+P00CN000', 1), ('largo - RG', 1)];[('realizándose - VMG0000+PP3CN000', 1), ('infundiéndose - VMG0000+PP3CN000', 1), ('largo - AQ0MS0', 1)];[('[ VMG0000+P00CN000 : VMG0000+PP3CN000 ]', 2), ('[ RG : AQ0MS0 ]', 1)];['[ VMG0000+P00CN000 - realizándose : VMG0000+PP3CN000 - realizándose ]', '[ VMG0000+P00CN000 - infundiéndose : VMG0000+PP3CN000 - infundiéndose ]', '[ RG - largo : AQ0MS0 - largo ]'];
['S0378-48352006000300008-1.txt_tagged'];0,000;0,000;0,422;237;237;237;11;11;11;[('analítica - NCFS000', 1)];[('analítica - AQ0FS0', 1)];[('[ NCFS000 : AQ0FS0 ]', 1)];['[ NCFS000 - analítica : AQ0FS0 - analítica ]'];
['es-S1137-66272009000100013-1.txt_tagged'];0,000;0,000;0,440;455;455;455;22;22;22;[('CTDIvol - NC00000', 1), ('izquierda - AQ0FS0', 1)];[('CTDIvol - NP00000', 1), ('izquierda - NCFS000', 1)];[('[ NC00000 : NP00000 ]', 1), ('[ AQ0FS0 : NCFS000 ]', 1)];['[ NC00000 - CTDIvol : NP00000 - CTDIvol ]', '[ AQ0FS0 - izquierda : NCFS000 - izquierda ]'];
['es-S0212-16112005000400011-1.txt_tagged'];0,000;0,000;2,740;438;438;438;14;14;14;[('iniciándose - VMG0000+P00CN000', 2), ('Servicio_de_Digestivo - NP00000', 1), ('subtotal - AQ0CS0', 1), ('A - NC00000', 1), ('Complicaciones - NCFP000', 1), ('decidiéndose - VMG0000+P00CN000', 1), ('detectándose - VMG0000+P00CN000', 1), ('A - SPS000', 1), ('colangitis - NCFN000', 1), ('administrándose - VMG0000+P00CN000', 1), ('que - CS', 1)];[('iniciándose - VMG0000+PP3CN000', 2), ('A - SPS00', 2), ('Servicio_de_Digestivo - NCMS000', 1), ('subtotal - AQCS0', 1), ('Complicaciones - NP00000', 1), ('decidiéndose - VMG0000+PP3CN000', 1), ('detectándose - VMG0000+PP3CN000', 1), ('colangitis - NCFS000', 1), ('administrándose - VMG0000+PP3CN000', 1), ('que - PR0CN000', 1)];[('[ VMG0000+P00CN000 : VMG0000+PP3CN000 ]', 5), ('[ NP00000 : NCMS000 ]', 1), ('[ AQ0CS0 : AQCS0 ]', 1), ('[ NC00000 : SPS00 ]', 1), ('[ NCFP000 : NP00000 ]', 1), ('[ SPS000 : SPS00 ]', 1), ('[ NCFN000 : NCFS000 ]', 1), ('[ CS : PR0CN000 ]', 1)];['[ NP00000 - Servicio_de_Digestivo : NCMS000 - Servicio_de_Digestivo ]', '[ AQ0CS0 - subtotal : AQCS0 - subtotal ]', '[ VMG0000+P00CN000 - iniciándose : VMG0000+PP3CN000 - iniciándose ]', '[ NC00000 - A : SPS00 - A ]', '[ NCFP000 - Complicaciones : NP00000 - Complicaciones ]', '[ VMG0000+P00CN000 - decidiéndose : VMG0000+PP3CN000 - decidiéndose ]', '[ VMG0000+P00CN000 - iniciándose : VMG0000+PP3CN000 - iniciándose ]', '[ VMG0000+P00CN000 - detectándose : VMG0000+PP3CN000 - detectándose ]', '[ SPS000 - A : SPS00 - A ]', '[ NCFN000 - colangitis : NCFS000 - colangitis ]', '[ VMG0000+P00CN000 - administrándose : VMG0000+PP3CN000 - administrándose ]', '[ CS - que : PR0CN000 - que ]'];
['S0004-06142006000600012-1.txt_tagged'];0,000;0,000;1,220;328;328;328;20;20;20;[('derecho - AQ0MS0', 1), ('palpándose - VMG0000+P00CN000', 1), ('externa - NCFS000', 1), ('Arterio - AQ00000', 1)];[('derecho - NCMS000', 1), ('palpándose - VMG0000+PP3CN000', 1), ('externa - VMIP3S0', 1), ('Arterio - NCMS000', 1)];[('[ AQ0MS0 : NCMS000 ]', 1), ('[ VMG0000+P00CN000 : VMG0000+PP3CN000 ]', 1), ('[ NCFS000 : VMIP3S0 ]', 1), ('[ AQ00000 : NCMS000 ]', 1)];['[ AQ0MS0 - derecho : NCMS000 - derecho ]', '[ VMG0000+P00CN000 - palpándose : VMG0000+PP3CN000 - palpándose ]', '[ NCFS000 - externa : VMIP3S0 - externa ]', '[ AQ00000 - Arterio : NCMS000 - Arterio ]'];
['es-S0004-06142005001000011-1.txt_tagged'];0,000;0,000;1,346;520;520;520;17;17;17;[('IgA - NC00000', 1), ('asociada - VMP00SF', 1), ('coronaria - AQ0FS0', 1), ('derecha - AQ0FS0', 1), ('motor - NCMS000', 1), ('test - NCMN000', 1), ('ha - VAIP3S0', 1)];[('IgA - NP00000', 1), ('asociada - AQ0FS0', 1), ('coronaria - NCFS000', 1), ('derecha - NCFS000', 1), ('motor - AQ0MS0', 1), ('test - NCMP000', 1), ('ha - NC00000', 1)];[('[ AQ0FS0 : NCFS000 ]', 2), ('[ NC00000 : NP00000 ]', 1), ('[ VMP00SF : AQ0FS0 ]', 1), ('[ NCMS000 : AQ0MS0 ]', 1), ('[ NCMN000 : NCMP000 ]', 1), ('[ VAIP3S0 : NC00000 ]', 1)];['[ NC00000 - IgA : NP00000 - IgA ]', '[ VMP00SF - asociada : AQ0FS0 - asociada ]', '[ AQ0FS0 - coronaria : NCFS000 - coronaria ]', '[ AQ0FS0 - derecha : NCFS000 - derecha ]', '[ NCMS000 - motor : AQ0MS0 - motor ]', '[ NCMN000 - test : NCMP000 - test ]', '[ VAIP3S0 - ha : NC00000 - ha ]'];
['S0365-66912012001100004-5.txt_tagged'];0,000;0,000;0,893;112;112;112;2;2;2;[('romperse - VMN0000+P00CN000', 1)];[('romperse - VMN0000+PP3CN000', 1)];[('[ VMN0000+P00CN000 : VMN0000+PP3CN000 ]', 1)];['[ VMN0000+P00CN000 - romperse : VMN0000+PP3CN000 - romperse ]'];
['S0378-48352006000400006-1.txt_tagged'];0,000;0,000;2,426;371;371;371;12;12;12;[('realizándose - VMG0000+P00CN000', 2), ('objetivándose - VMG0000+P00CN000', 2), ('temporal - NCMS000', 1), ('visualizándose - VMG0000+P00CN000', 1), ('Biopsia - NP00000', 1), ('positivo - AQ0MS0', 1), ('tratándose - VMG0000+P00CN000', 1)];[('realizándose - VMG0000+PP3CN000', 2), ('objetivándose - VMG0000+PP3CN000', 2), ('temporal - AQ0CS0', 1), ('visualizándose - VMG0000+PP3CN000', 1), ('Biopsia - NCFS000', 1), ('positivo - NCMS000', 1), ('tratándose - VMG0000+PP3CN000', 1)];[('[ VMG0000+P00CN000 : VMG0000+PP3CN000 ]', 6), ('[ NCMS000 : AQ0CS0 ]', 1), ('[ NP00000 : NCFS000 ]', 1), ('[ AQ0MS0 : NCMS000 ]', 1)];['[ NCMS000 - temporal : AQ0CS0 - temporal ]', '[ VMG0000+P00CN000 - realizándose : VMG0000+PP3CN000 - realizándose ]', '[ VMG0000+P00CN000 - objetivándose : VMG0000+PP3CN000 - objetivándose ]', '[ VMG0000+P00CN000 - visualizándose : VMG0000+PP3CN000 - visualizándose ]', '[ VMG0000+P00CN000 - realizándose : VMG0000+PP3CN000 - realizándose ]', '[ VMG0000+P00CN000 - objetivándose : VMG0000+PP3CN000 - objetivándose ]', '[ NP00000 - Biopsia : NCFS000 - Biopsia ]', '[ AQ0MS0 - positivo : NCMS000 - positivo ]', '[ VMG0000+P00CN000 - tratándose : VMG0000+PP3CN000 - tratándose ]'];
['S1134-80462009000800005-1.txt_tagged'];0,000;0,000;0,304;658;658;658;23;23;23;[('V - Z', 2)];[('V - NC00000', 2)];[('[ Z : NC00000 ]', 2)];['[ Z - V : NC00000 - V ]', '[ Z - V : NC00000 - V ]'];
['S1139-76322011000300007-2.txt_tagged'];0,000;0,000;0,000;145;145;145;9;9;9;[];[];[];[];
['es-S0004-06142005001000016-1.txt_tagged'];0,000;0,000;0,568;176;176;176;8;8;8;[('derecha - NCFS000', 1)];[('derecha - AQ0FS0', 1)];[('[ NCFS000 : AQ0FS0 ]', 1)];['[ NCFS000 - derecha : AQ0FS0 - derecha ]'];
['S1139-76322012000300009-1.txt_tagged'];0,000;0,000;0,654;306;306;306;11;11;11;[('reflejo - NCMS000', 1), ('líquido - AQ0MS0', 1)];[('reflejo - AQ0MS0', 1), ('líquido - NCMS000', 1)];[('[ NCMS000 : AQ0MS0 ]', 1), ('[ AQ0MS0 : NCMS000 ]', 1)];['[ NCMS000 - reflejo : AQ0MS0 - reflejo ]', '[ AQ0MS0 - líquido : NCMS000 - líquido ]'];
['S1130-05582005000300007-1.txt_tagged'];0,215;0,000;0,860;465;465;468;14;14;14;[('Carga - NCFS000', 1), ('Mantoux - NC00000', 1), ('paciente - NCCS000', 1), ('i.m. - NC00000', 1)];[('Carga - NP00000', 1), ('Mantoux - NP00000', 1), ('paciente - AQ0CS0', 1), ('i - NCFS000', 1)];[('[ NCFS000 : NP00000 ]', 1), ('[ NC00000 : NP00000 ]', 1), ('[ NCCS000 : AQ0CS0 ]', 1), ('[ NC00000 : NCFS000 ]', 1)];['[ NCFS000 - Carga : NP00000 - Carga ]', '[ NC00000 - Mantoux : NP00000 - Mantoux ]', '[ NCCS000 - paciente : AQ0CS0 - paciente ]', '[ NC00000 - i.m. : NCFS000 - i ]'];
['S0211-69952014000100016-1.txt_tagged'];0,000;0,000;0,204;490;490;490;21;21;21;[('terminal - AQ0CS0', 1)];[('terminal - NCCS000', 1)];[('[ AQ0CS0 : NCCS000 ]', 1)];['[ AQ0CS0 - terminal : NCCS000 - terminal ]'];
['es-S0365-66912008000100009-3.txt_tagged'];0,000;0,000;0,465;215;215;215;8;8;8;[('resolverse - VMN0000+P00CN000', 1)];[('resolverse - VMN0000+PP3CN000', 1)];[('[ VMN0000+P00CN000 : VMN0000+PP3CN000 ]', 1)];['[ VMN0000+P00CN000 - resolverse : VMN0000+PP3CN000 - resolverse ]'];
['S0004-06142006000700012-1.txt_tagged'];0,000;0,000;1,013;395;395;395;12;12;12;[('negativa - AQ0FS0', 2), ('diferencial - NCMS000', 1), ('instaurándose - VMG0000+P00CN000', 1)];[('negativa - NCFS000', 2), ('diferencial - AQ0CS0', 1), ('instaurándose - VMG0000+PP3CN000', 1)];[('[ AQ0FS0 : NCFS000 ]', 2), ('[ NCMS000 : AQ0CS0 ]', 1), ('[ VMG0000+P00CN000 : VMG0000+PP3CN000 ]', 1)];['[ NCMS000 - diferencial : AQ0CS0 - diferencial ]', '[ AQ0FS0 - negativa : NCFS000 - negativa ]', '[ VMG0000+P00CN000 - instaurándose : VMG0000+PP3CN000 - instaurándose ]', '[ AQ0FS0 - negativa : NCFS000 - negativa ]'];
['es-S1130-05582014000300006-1.txt_tagged'];0,000;0,000;1,036;386;386;386;12;12;12;[('relleno - NCMS000', 1), ('ha - VAIP3S0', 1), ('demostrándose - VMG0000+P00CN000', 1), ('integrum - AQ0CS0', 1)];[('relleno - AQ0MS0', 1), ('ha - NC00000', 1), ('demostrándose - VMG0000+PP3CN000', 1), ('integrum - AQ0MS0', 1)];[('[ NCMS000 : AQ0MS0 ]', 1), ('[ VAIP3S0 : NC00000 ]', 1), ('[ VMG0000+P00CN000 : VMG0000+PP3CN000 ]', 1), ('[ AQ0CS0 : AQ0MS0 ]', 1)];['[ NCMS000 - relleno : AQ0MS0 - relleno ]', '[ VAIP3S0 - ha : NC00000 - ha ]', '[ VMG0000+P00CN000 - demostrándose : VMG0000+PP3CN000 - demostrándose ]', '[ AQ0CS0 - integrum : AQ0MS0 - integrum ]'];
['S0210-48062006000300015-1.txt_tagged'];0,249;0,000;2,244;401;402;401;11;11;11;[('guía - NCCS000', 4), ('afecta - VMIP3S0', 1), ('J - NC00000', 1), ('largo - RG', 1), ('ancho - NCMS000', 1), ('ha - NC00000', 1)];[('guía - NCFS000', 4), ('afecta - AQ0FS0', 1), ('J. - NC00000', 1), ('largo - AQ0MS0', 1), ('ancho - AQ0MS0', 1), ('ha - VAIP3S0', 1)];[('[ NCCS000 : NCFS000 ]', 4), ('[ VMIP3S0 : AQ0FS0 ]', 1), ('[ NC00000 : NC00000 ]', 1), ('[ RG : AQ0MS0 ]', 1), ('[ NCMS000 : AQ0MS0 ]', 1), ('[ NC00000 : VAIP3S0 ]', 1)];['[ VMIP3S0 - afecta : AQ0FS0 - afecta ]', '[ NC00000 - J : NC00000 - J. ]', '[ RG - largo : AQ0MS0 - largo ]', '[ NCMS000 - ancho : AQ0MS0 - ancho ]', '[ NCCS000 - guía : NCFS000 - guía ]', '[ NCCS000 - guía : NCFS000 - guía ]', '[ NCCS000 - guía : NCFS000 - guía ]', '[ NCCS000 - guía : NCFS000 - guía ]', '[ NC00000 - ha : VAIP3S0 - ha ]'];
['es-S0365-66912008000100007-1.txt_tagged'];0,000;0,000;2,367;169;169;169;10;10;10;[('Niña - NCFS000', 1), ('Rh - NC00000', 1), ('A - NC00000', 1), ('derecho - AQ0MS', 1)];[('Niña - NP00000', 1), ('Rh - NP00000', 1), ('A - NCFS000', 1), ('derecho - NCMS000', 1)];[('[ NCFS000 : NP00000 ]', 1), ('[ NC00000 : NP00000 ]', 1), ('[ NC00000 : NCFS000 ]', 1), ('[ AQ0MS : NCMS000 ]', 1)];['[ NCFS000 - Niña : NP00000 - Niña ]', '[ NC00000 - Rh : NP00000 - Rh ]', '[ NC00000 - A : NCFS000 - A ]', '[ AQ0MS - derecho : NCMS000 - derecho ]'];
['es-S0004-06142005001000011-3.txt_tagged'];0,000;0,000;2,005;399;399;399;16;16;16;[('sobretodo - RG', 2), ('junto - RG', 1), ('Febrero - NC00000', 1), ('alta - NCMS000', 1), ('HTLV-I - NC00000', 1), ('disminuirse - VMN0000+P00CN000', 1), ('ha - VAIP3S0', 1)];[('sobretodo - NCMS000', 2), ('junto - VMIP1S0', 1), ('Febrero - NCMS000', 1), ('alta - AQ0FS0', 1), ('HTLV-I - NP00000', 1), ('disminuirse - VMN0000+PP3CN000', 1), ('ha - NC00000', 1)];[('[ RG : NCMS000 ]', 2), ('[ RG : VMIP1S0 ]', 1), ('[ NC00000 : NCMS000 ]', 1), ('[ NCMS000 : AQ0FS0 ]', 1), ('[ NC00000 : NP00000 ]', 1), ('[ VMN0000+P00CN000 : VMN0000+PP3CN000 ]', 1), ('[ VAIP3S0 : NC00000 ]', 1)];['[ RG - junto : VMIP1S0 - junto ]', '[ NC00000 - Febrero : NCMS000 - Febrero ]', '[ NCMS000 - alta : AQ0FS0 - alta ]', '[ RG - sobretodo : NCMS000 - sobretodo ]', '[ NC00000 - HTLV-I : NP00000 - HTLV-I ]', '[ RG - sobretodo : NCMS000 - sobretodo ]', '[ VMN0000+P00CN000 - disminuirse : VMN0000+PP3CN000 - disminuirse ]', '[ VAIP3S0 - ha : NC00000 - ha ]'];
['S1130-01082008000900015-1.txt_tagged'];0,000;0,000;1,702;235;235;235;10;10;10;[('paciente - NCCS000', 1), ('positivo - AQ0MS0', 1), ('recto - NCMS000', 1), ('mecánica - NCFS000', 1)];[('paciente - AQ0CS0', 1), ('positivo - NCMS000', 1), ('recto - AQ0MS0', 1), ('mecánica - AQ0FS0', 1)];[('[ NCCS000 : AQ0CS0 ]', 1), ('[ AQ0MS0 : NCMS000 ]', 1), ('[ NCMS000 : AQ0MS0 ]', 1), ('[ NCFS000 : AQ0FS0 ]', 1)];['[ NCCS000 - paciente : AQ0CS0 - paciente ]', '[ AQ0MS0 - positivo : NCMS000 - positivo ]', '[ NCMS000 - recto : AQ0MS0 - recto ]', '[ NCFS000 - mecánica : AQ0FS0 - mecánica ]'];
['S1130-05582008000300004-1.txt_tagged'];0,000;0,000;0,990;303;303;303;14;14;14;[('ha - NC00000', 1), ('inferior.46 - AQ0CS0', 1), ('negativas - AQ0FP0', 1)];[('ha - VAIP3S0', 1), ('inferior.46 - AQ0MS0', 1), ('negativas - NCFP000', 1)];[('[ NC00000 : VAIP3S0 ]', 1), ('[ AQ0CS0 : AQ0MS0 ]', 1), ('[ AQ0FP0 : NCFP000 ]', 1)];['[ NC00000 - ha : VAIP3S0 - ha ]', '[ AQ0CS0 - inferior.46 : AQ0MS0 - inferior.46 ]', '[ AQ0FP0 - negativas : NCFP000 - negativas ]'];
['es-S1139-76322010000600010-1.txt_tagged'];0,283;0,000;0,567;353;353;355;16;16;16;[('Saint_John_of_God - NP00000', 1), ('verdes1 - AQ0MS0', 1)];[('Saint_John - NP00000', 1), ('verdes1 - AQ0MP0', 1)];[('[ NP00000 : NP00000 ]', 1), ('[ AQ0MS0 : AQ0MP0 ]', 1)];['[ NP00000 - Saint_John_of_God : NP00000 - Saint_John ]', '[ AQ0MS0 - verdes1 : AQ0MP0 - verdes1 ]'];
['S0365-66912004001200010-2.txt_tagged'];0,000;0,000;0,427;234;234;234;9;9;9;[('derecho - AQ0MS0', 1)];[('derecho - NCMS000', 1)];[('[ AQ0MS0 : NCMS000 ]', 1)];['[ AQ0MS0 - derecho : NCMS000 - derecho ]'];
['S0365-66912004000900009-1.txt_tagged'];0,000;0,000;2,076;289;289;289;13;13;13;[('V - Z', 2), ('antecedentes - NCMP000', 1), ('familiares - AQ0CP0', 1), ('realizándose - VMG0000+P00CN000', 1), ('encontrarse - VMN0000+P00CN000', 1)];[('V - NC00000', 2), ('antecedentes - AQ0CP0', 1), ('familiares - NCMP000', 1), ('realizándose - VMG0000+PP3CN000', 1), ('encontrarse - VMN0000+PP3CN000', 1)];[('[ Z : NC00000 ]', 2), ('[ NCMP000 : AQ0CP0 ]', 1), ('[ AQ0CP0 : NCMP000 ]', 1), ('[ VMG0000+P00CN000 : VMG0000+PP3CN000 ]', 1), ('[ VMN0000+P00CN000 : VMN0000+PP3CN000 ]', 1)];['[ NCMP000 - antecedentes : AQ0CP0 - antecedentes ]', '[ AQ0CP0 - familiares : NCMP000 - familiares ]', '[ Z - V : NC00000 - V ]', '[ VMG0000+P00CN000 - realizándose : VMG0000+PP3CN000 - realizándose ]', '[ Z - V : NC00000 - V ]', '[ VMN0000+P00CN000 - encontrarse : VMN0000+PP3CN000 - encontrarse ]'];
['es-S1139-76322010000100009-1.txt_tagged'];0,000;0,000;1,361;294;294;294;12;12;12;[('cortical - NCMS000', 1), ('conoide - NCMS000', 1), ('derecho - AQ0MS0', 1), ('periódicos - AQ0MP0', 1)];[('cortical - AQ0CS0', 1), ('conoide - AQ0CS0', 1), ('derecho - NCMS000', 1), ('periódicos - NCMP000', 1)];[('[ NCMS000 : AQ0CS0 ]', 2), ('[ AQ0MS0 : NCMS000 ]', 1), ('[ AQ0MP0 : NCMP000 ]', 1)];['[ NCMS000 - cortical : AQ0CS0 - cortical ]', '[ NCMS000 - conoide : AQ0CS0 - conoide ]', '[ AQ0MS0 - derecho : NCMS000 - derecho ]', '[ AQ0MP0 - periódicos : NCMP000 - periódicos ]'];
['S0211-69952014000400020-1.txt_tagged'];0,000;0,000;0,629;159;159;159;6;6;6;[('bajo - AQ0MS0', 1)];[('bajo - SPS00', 1)];[('[ AQ0MS0 : SPS00 ]', 1)];['[ AQ0MS0 - bajo : SPS00 - bajo ]'];
['S1134-80462009000200004-1.txt_tagged'];0,000;0,000;1,045;287;287;287;11;11;11;[('I - Z', 1), ('epidural - AQ0CS0', 1), ('sí - RG', 1)];[('I - NC00000', 1), ('epidural - NCFS000', 1), ('sí - PP3CNO00', 1)];[('[ Z : NC00000 ]', 1), ('[ AQ0CS0 : NCFS000 ]', 1), ('[ RG : PP3CNO00 ]', 1)];['[ Z - I : NC00000 - I ]', '[ AQ0CS0 - epidural : NCFS000 - epidural ]', '[ RG - sí : PP3CNO00 - sí ]'];
['es-S1699-695X2014000200007-1.txt_tagged'];0,000;0,000;0,873;458;458;458;14;14;14;[('ha - NC00000', 1), ('mal - RG', 1), ('negativos - AQ0MP0', 1), ('postcompresión - NCFS000', 1)];[('ha - VAIP3S0', 1), ('mal - AQ0CS0', 1), ('negativos - NCMP000', 1), ('postcompresión - RG', 1)];[('[ NC00000 : VAIP3S0 ]', 1), ('[ RG : AQ0CS0 ]', 1), ('[ AQ0MP0 : NCMP000 ]', 1), ('[ NCFS000 : RG ]', 1)];['[ NC00000 - ha : VAIP3S0 - ha ]', '[ RG - mal : AQ0CS0 - mal ]', '[ AQ0MP0 - negativos : NCMP000 - negativos ]', '[ NCFS000 - postcompresión : RG - postcompresión ]'];
['S0004-06142006000500012-1.txt_tagged'];0,000;0,000;1,333;450;450;450;16;16;16;[('10x10 - NC00000', 1), ('objetivándose - VMG0000+P00CN000', 1), ('cava - NCFS000', 1), ('realizándosele - VMG0000+P00CN000+PP3CSD00', 1), ('dicha - VMP00SF', 1), ('evidenciándose - VMG0000+P00CN000', 1)];[('10x10 - Z', 1), ('objetivándose - VMG0000+PP3CN000', 1), ('cava - NFCS000', 1), ('realizándosele - VMG0000+PP3CN000+PP3CSD00', 1), ('dicha - NCFS000', 1), ('evidenciándose - VMG0000+PP3CN000', 1)];[('[ VMG0000+P00CN000 : VMG0000+PP3CN000 ]', 2), ('[ NC00000 : Z ]', 1), ('[ NCFS000 : NFCS000 ]', 1), ('[ VMG0000+P00CN000+PP3CSD00 : VMG0000+PP3CN000+PP3CSD00 ]', 1), ('[ VMP00SF : NCFS000 ]', 1)];['[ NC00000 - 10x10 : Z - 10x10 ]', '[ VMG0000+P00CN000 - objetivándose : VMG0000+PP3CN000 - objetivándose ]', '[ NCFS000 - cava : NFCS000 - cava ]', '[ VMG0000+P00CN000+PP3CSD00 - realizándosele : VMG0000+PP3CN000+PP3CSD00 - realizándosele ]', '[ VMP00SF - dicha : NCFS000 - dicha ]', '[ VMG0000+P00CN000 - evidenciándose : VMG0000+PP3CN000 - evidenciándose ]'];
['es-S1130-63432014000500008-1.txt_tagged'];0,000;0,000;2,413;373;373;373;10;10;10;[('v.o. - NC00000', 6), ('Paciente - NCCS000', 1), ('s.c. - NC00000', 1), ('acortándose - VMG0000+P00CN000', 1)];[('v.o. - NCFS000', 6), ('Paciente - NCCS00', 1), ('s.c. - NCFS000', 1), ('acortándose - VMG0000+PP3CN000', 1)];[('[ NC00000 : NCFS000 ]', 7), ('[ NCCS000 : NCCS00 ]', 1), ('[ VMG0000+P00CN000 : VMG0000+PP3CN000 ]', 1)];['[ NCCS000 - Paciente : NCCS00 - Paciente ]', '[ NC00000 - v.o. : NCFS000 - v.o. ]', '[ NC00000 - v.o. : NCFS000 - v.o. ]', '[ NC00000 - v.o. : NCFS000 - v.o. ]', '[ NC00000 - v.o. : NCFS000 - v.o. ]', '[ NC00000 - s.c. : NCFS000 - s.c. ]', '[ NC00000 - v.o. : NCFS000 - v.o. ]', '[ NC00000 - v.o. : NCFS000 - v.o. ]', '[ VMG0000+P00CN000 - acortándose : VMG0000+PP3CN000 - acortándose ]'];
['es-S0210-48062006000200018-1.txt_tagged'];0,000;0,000;2,857;175;175;175;9;9;9;[('Paciente - NCCS000', 1), ('ulcus - NC00000', 1), ('izquierda - NCFS000', 1), ('izquierda - AQ0FS0', 1), ('otra - PI0FS000', 1)];[('Paciente - NCMS000', 1), ('ulcus - NCMS000', 1), ('izquierda - AQ0FS0', 1), ('izquierda - NCFS000', 1), ('otra - DI0FS0', 1)];[('[ NCCS000 : NCMS000 ]', 1), ('[ NC00000 : NCMS000 ]', 1), ('[ NCFS000 : AQ0FS0 ]', 1), ('[ AQ0FS0 : NCFS000 ]', 1), ('[ PI0FS000 : DI0FS0 ]', 1)];['[ NCCS000 - Paciente : NCMS000 - Paciente ]', '[ NC00000 - ulcus : NCMS000 - ulcus ]', '[ NCFS000 - izquierda : AQ0FS0 - izquierda ]', '[ AQ0FS0 - izquierda : NCFS000 - izquierda ]', '[ PI0FS000 - otra : DI0FS0 - otra ]'];
['es-S0212-16112007000800011-1.txt_tagged'];0,000;0,000;0,478;837;837;837;25;25;25;[('subtotal - NCMS000', 1), ('ciego - AQ0MS0', 1), ('resistente - NCMS000', 1), ('A - NC00000', 1)];[('subtotal - AQ0CS0', 1), ('ciego - NCMS000', 1), ('resistente - AQ0FS0', 1), ('A - SPS00', 1)];[('[ NCMS000 : AQ0CS0 ]', 1), ('[ AQ0MS0 : NCMS000 ]', 1), ('[ NCMS000 : AQ0FS0 ]', 1), ('[ NC00000 : SPS00 ]', 1)];['[ NCMS000 - subtotal : AQ0CS0 - subtotal ]', '[ AQ0MS0 - ciego : NCMS000 - ciego ]', '[ NCMS000 - resistente : AQ0FS0 - resistente ]', '[ NC00000 - A : SPS00 - A ]'];
['S1130-05582007000600006-1.txt_tagged'];0,000;0,000;0,000;441;441;441;16;16;16;[];[];[];[];
['S0004-06142006000500002-4.txt_tagged'];0,000;0,000;2,394;376;376;376;19;19;19;[('lateralizado - AQ0MS0', 1), ('doppler - NC00000', 1), ('Testículo - NP00000', 1), ('junto - RG', 1), ('vicentina - AQ0FS0', 1), ('negativo - AQ0MS0', 1), ('observarse - VMN0000+P00CN000', 1), ('Rx - NC00000', 1), ('A - NC00000', 1)];[('lateralizado - VMP00SM', 1), ('doppler - NP00000', 1), ('Testículo - NCMS000', 1), ('junto - VMIP1S0', 1), ('vicentina - NCFS000', 1), ('negativo - NCMS000', 1), ('observarse - VMN0000+PP3CN000', 1), ('Rx - NP00000', 1), ('A - SPS00', 1)];[('[ NC00000 : NP00000 ]', 2), ('[ AQ0MS0 : VMP00SM ]', 1), ('[ NP00000 : NCMS000 ]', 1), ('[ RG : VMIP1S0 ]', 1), ('[ AQ0FS0 : NCFS000 ]', 1), ('[ AQ0MS0 : NCMS000 ]', 1), ('[ VMN0000+P00CN000 : VMN0000+PP3CN000 ]', 1), ('[ NC00000 : SPS00 ]', 1)];['[ AQ0MS0 - lateralizado : VMP00SM - lateralizado ]', '[ NC00000 - doppler : NP00000 - doppler ]', '[ NP00000 - Testículo : NCMS000 - Testículo ]', '[ RG - junto : VMIP1S0 - junto ]', '[ AQ0FS0 - vicentina : NCFS000 - vicentina ]', '[ AQ0MS0 - negativo : NCMS000 - negativo ]', '[ VMN0000+P00CN000 - observarse : VMN0000+PP3CN000 - observarse ]', '[ NC00000 - Rx : NP00000 - Rx ]', '[ NC00000 - A : SPS00 - A ]'];
['es-S0004-06142005000900015-1.txt_tagged'];0,000;0,000;3,571;196;196;196;8;8;8;[('A - NC00000', 1), ('x - NCFS000', 1), ('objetivarse - VMN0000+P00CN000', 1), ('encontrándose - VMG0000+P00CN000', 1), ('realizándose - VMG0000+P00CN000', 1), ('paciente - NC0CS0', 1), ('ha - VAIP3S0', 1)];[('A - SPS00', 1), ('x - SPS00', 1), ('objetivarse - VMN0000+PP3CN000', 1), ('encontrándose - VMG0000+PP3CN000', 1), ('realizándose - VMG0000+PP3CN000', 1), ('paciente - AQ0CS0', 1), ('ha - NC00000', 1)];[('[ VMG0000+P00CN000 : VMG0000+PP3CN000 ]', 2), ('[ NC00000 : SPS00 ]', 1), ('[ NCFS000 : SPS00 ]', 1), ('[ VMN0000+P00CN000 : VMN0000+PP3CN000 ]', 1), ('[ NC0CS0 : AQ0CS0 ]', 1), ('[ VAIP3S0 : NC00000 ]', 1)];['[ NC00000 - A : SPS00 - A ]', '[ NCFS000 - x : SPS00 - x ]', '[ VMN0000+P00CN000 - objetivarse : VMN0000+PP3CN000 - objetivarse ]', '[ VMG0000+P00CN000 - encontrándose : VMG0000+PP3CN000 - encontrándose ]', '[ VMG0000+P00CN000 - realizándose : VMG0000+PP3CN000 - realizándose ]', '[ NC0CS0 - paciente : AQ0CS0 - paciente ]', '[ VAIP3S0 - ha : NC00000 - ha ]'];
['S0211-69952014000200016-1.txt_tagged'];0,379;0,000;1,136;264;265;264;10;10;10;[('observándose - VMG0000+P00CN000', 1), ('P - NC00000', 1), ('Durante - SPS00', 1)];[('observándose - VMG0000+PP3CN000', 1), ('P. - NC00000', 1), ('Durante - NP00000', 1)];[('[ VMG0000+P00CN000 : VMG0000+PP3CN000 ]', 1), ('[ NC00000 : NC00000 ]', 1), ('[ SPS00 : NP00000 ]', 1)];['[ VMG0000+P00CN000 - observándose : VMG0000+PP3CN000 - observándose ]', '[ NC00000 - P : NC00000 - P. ]', '[ SPS00 - Durante : NP00000 - Durante ]'];
['es-S0365-66912007001200011-1.txt_tagged'];0,000;0,000;0,645;310;310;310;13;13;13;[('Paciente - NCCS0', 1), ('mismo - AQ0MS0', 1)];[('Paciente - AQ0CS0', 1), ('mismo - PI0MS000', 1)];[('[ NCCS0 : AQ0CS0 ]', 1), ('[ AQ0MS0 : PI0MS000 ]', 1)];['[ NCCS0 - Paciente : AQ0CS0 - Paciente ]', '[ AQ0MS0 - mismo : PI0MS000 - mismo ]'];
['S1134-80462009000100005-1.txt_tagged'];0,000;0,000;0,606;165;165;165;4;4;4;[('resolviéndose - VMG0000+P00CN000', 1)];[('resolviéndose - VMG0000+PP3CN000', 1)];[('[ VMG0000+P00CN000 : VMG0000+PP3CN000 ]', 1)];['[ VMG0000+P00CN000 - resolviéndose : VMG0000+PP3CN000 - resolviéndose ]'];
['es-S1139-76322009000700014-2.txt_tagged'];0,000;0,000;1,937;413;413;413;24;24;24;[('familiar - NCCS000', 1), ('pendiente - NCMS000', 1), ('Exploración - NP00000', 1), ('rubia - AQ0FS0', 1), ('renal7,8 - AQ0CS0', 1), ('Balance - NP00000', 1), ('Proteinuria - NCFS000', 1), ('moderada - AQ0FS0', 1)];[('familiar - AQ0CS0', 1), ('pendiente - AQ0CS0', 1), ('Exploración - NCFS000', 1), ('rubia - NCFS000', 1), ('renal7,8 - AQ0FS0', 1), ('Balance - NCMS000', 1), ('Proteinuria - NP00000', 1), ('moderada - NCFS000', 1)];[('[ AQ0FS0 : NCFS000 ]', 2), ('[ NCCS000 : AQ0CS0 ]', 1), ('[ NCMS000 : AQ0CS0 ]', 1), ('[ NP00000 : NCFS000 ]', 1), ('[ AQ0CS0 : AQ0FS0 ]', 1), ('[ NP00000 : NCMS000 ]', 1), ('[ NCFS000 : NP00000 ]', 1)];['[ NCCS000 - familiar : AQ0CS0 - familiar ]', '[ NCMS000 - pendiente : AQ0CS0 - pendiente ]', '[ NP00000 - Exploración : NCFS000 - Exploración ]', '[ AQ0FS0 - rubia : NCFS000 - rubia ]', '[ AQ0CS0 - renal7,8 : AQ0FS0 - renal7,8 ]', '[ NP00000 - Balance : NCMS000 - Balance ]', '[ NCFS000 - Proteinuria : NP00000 - Proteinuria ]', '[ AQ0FS0 - moderada : NCFS000 - moderada ]'];
['S1130-01082008000900011-1.txt_tagged'];0,207;5,882;0,620;484;485;484;17;17;16;[('G - NC00000', 1), ('En - SPS00', 1), ('presente - AQ0CS0', 1)];[('G. - NC00000', 1), ('En - NP00000', 1), ('presente - AQ0MS0', 1)];[('[ NC00000 : NC00000 ]', 1), ('[ SPS00 : NP00000 ]', 1), ('[ AQ0CS0 : AQ0MS0 ]', 1)];['[ NC00000 - G : NC00000 - G. ]', '[ SPS00 - En : NP00000 - En ]', '[ AQ0CS0 - presente : AQ0MS0 - presente ]'];
['es-S1699-65852010000300002-1.txt_tagged'];0,000;0,000;1,535;391;391;391;17;17;17;[('derecho - AQ0CS0', 1), ('legrado - VMP00SM', 1), ('insertándose - VMG0000+P00CN000', 1), ('A - NC00000', 1), ('ha - NC00000', 1), ('ha - VAIP3S0', 1)];[('derecho - AQ0MS0', 1), ('legrado - NCMS000', 1), ('insertándose - VMG0000+PP3CN000', 1), ('A - SPS00', 1), ('ha - VAIP3S0', 1), ('ha - NC00000', 1)];[('[ AQ0CS0 : AQ0MS0 ]', 1), ('[ VMP00SM : NCMS000 ]', 1), ('[ VMG0000+P00CN000 : VMG0000+PP3CN000 ]', 1), ('[ NC00000 : SPS00 ]', 1), ('[ NC00000 : VAIP3S0 ]', 1), ('[ VAIP3S0 : NC00000 ]', 1)];['[ AQ0CS0 - derecho : AQ0MS0 - derecho ]', '[ VMP00SM - legrado : NCMS000 - legrado ]', '[ VMG0000+P00CN000 - insertándose : VMG0000+PP3CN000 - insertándose ]', '[ NC00000 - A : SPS00 - A ]', '[ NC00000 - ha : VAIP3S0 - ha ]', '[ VAIP3S0 - ha : NC00000 - ha ]'];
['S0212-71992004000300009-1.txt_tagged'];0,000;0,000;1,600;375;375;375;12;12;12;[('ANTI-RNP - NC00000', 1), ('ANTI-SSB - NC00000', 1), ('ANTI-Sm - NC00000', 1), ('ANTI-RO - NC00000', 1), ('ANTI-CENTROMERO - NC00000', 1), ('Paperas - NP00000', 1)];[('ANTI-RNP - NP00000', 1), ('ANTI-SSB - NP00000', 1), ('ANTI-Sm - NP00000', 1), ('ANTI-RO - NP00000', 1), ('ANTI-CENTROMERO - NP00000', 1), ('Paperas - NCFP000', 1)];[('[ NC00000 : NP00000 ]', 5), ('[ NP00000 : NCFP000 ]', 1)];['[ NC00000 - ANTI-RNP : NP00000 - ANTI-RNP ]', '[ NC00000 - ANTI-SSB : NP00000 - ANTI-SSB ]', '[ NC00000 - ANTI-Sm : NP00000 - ANTI-Sm ]', '[ NC00000 - ANTI-RO : NP00000 - ANTI-RO ]', '[ NC00000 - ANTI-CENTROMERO : NP00000 - ANTI-CENTROMERO ]', '[ NP00000 - Paperas : NCFP000 - Paperas ]'];
['S0378-48352006000300006-1.txt_tagged'];0,000;0,000;1,770;339;339;339;17;17;17;[('frigore - NC00000', 1), ('La - NP00000', 1), ('componente - NCCS000', 1), ('sólido - AQ0MS0', 1), ('Esta - NP00000', 1), ('dcha. - NCFS000', 1)];[('frigore - NCMS000', 1), ('La - DA0FS0', 1), ('componente - AQ0CS0', 1), ('sólido - NCMS000', 1), ('Esta - DD0FS0', 1), ('dcha. - AQ0FS0', 1)];[('[ NC00000 : NCMS000 ]', 1), ('[ NP00000 : DA0FS0 ]', 1), ('[ NCCS000 : AQ0CS0 ]', 1), ('[ AQ0MS0 : NCMS000 ]', 1), ('[ NP00000 : DD0FS0 ]', 1), ('[ NCFS000 : AQ0FS0 ]', 1)];['[ NC00000 - frigore : NCMS000 - frigore ]', '[ NP00000 - La : DA0FS0 - La ]', '[ NCCS000 - componente : AQ0CS0 - componente ]', '[ AQ0MS0 - sólido : NCMS000 - sólido ]', '[ NP00000 - Esta : DD0FS0 - Esta ]', '[ NCFS000 - dcha. : AQ0FS0 - dcha. ]'];
['S0365-66912007000900011-1.txt_tagged'];0,000;0,000;0,968;310;310;310;14;14;14;[('derecho - AQ0MS0', 1), ('USA - NP00000', 1), ('derecha - AQ0FS0', 1)];[('derecho - NCMS000', 1), ('USA - NC00000', 1), ('derecha - NCFS000', 1)];[('[ AQ0MS0 : NCMS000 ]', 1), ('[ NP00000 : NC00000 ]', 1), ('[ AQ0FS0 : NCFS000 ]', 1)];['[ AQ0MS0 - derecho : NCMS000 - derecho ]', '[ NP00000 - USA : NC00000 - USA ]', '[ AQ0FS0 - derecha : NCFS000 - derecha ]'];
['S1130-05582007000500006-1.txt_tagged'];0,000;0,000;0,000;255;255;255;16;16;16;[];[];[];[];
['es-S0210-48062006000400012-1.txt_tagged'];0,000;0,000;1,463;615;615;615;18;18;18;[('Paciente - NCCS000', 1), ('residente - AQ0CS0', 1), ('se - PP3CN000', 1), ('doppler - NC00000', 1), ('médico - NCCS000', 1), ('mismo - PI0MS000', 1), ('subdartos - AQ0MP0', 1), ('da - VMIP3S0', 1), ('alta - NCMS000', 1)];[('Paciente - AQ0CS0', 1), ('residente - NCCS000', 1), ('se - P00CN000', 1), ('doppler - NP00000', 1), ('médico - NCMS000', 1), ('mismo - AQ0MS0', 1), ('subdartos - NC00000', 1), ('da - NC00000', 1), ('alta - NCFS000', 1)];[('[ NCCS000 : AQ0CS0 ]', 1), ('[ AQ0CS0 : NCCS000 ]', 1), ('[ PP3CN000 : P00CN000 ]', 1), ('[ NC00000 : NP00000 ]', 1), ('[ NCCS000 : NCMS000 ]', 1), ('[ PI0MS000 : AQ0MS0 ]', 1), ('[ AQ0MP0 : NC00000 ]', 1), ('[ VMIP3S0 : NC00000 ]', 1), ('[ NCMS000 : NCFS000 ]', 1)];['[ NCCS000 - Paciente : AQ0CS0 - Paciente ]', '[ AQ0CS0 - residente : NCCS000 - residente ]', '[ PP3CN000 - se : P00CN000 - se ]', '[ NC00000 - doppler : NP00000 - doppler ]', '[ NCCS000 - médico : NCMS000 - médico ]', '[ PI0MS000 - mismo : AQ0MS0 - mismo ]', '[ AQ0MP0 - subdartos : NC00000 - subdartos ]', '[ VMIP3S0 - da : NC00000 - da ]', '[ NCMS000 - alta : NCFS000 - alta ]'];
['S0210-48062005001000013-1.txt_tagged'];0,146;0,000;0,728;687;687;691;33;33;33;[('Sedimento - NP00000', 1), ('urinario - NCMS000', 1), ('x - Z', 1), ('maligno - NCMS000', 1), ('12,5x12,5x7 - Z', 1)];[('Sedimento - NCMS000', 1), ('urinario - AQ0MS0', 1), ('x - SPS00', 1), ('maligno - AQ0MS0', 1), ('12 - Z', 1)];[('[ NCMS000 : AQ0MS0 ]', 2), ('[ NP00000 : NCMS000 ]', 1), ('[ Z : SPS00 ]', 1), ('[ Z : Z ]', 1)];['[ NP00000 - Sedimento : NCMS000 - Sedimento ]', '[ NCMS000 - urinario : AQ0MS0 - urinario ]', '[ Z - x : SPS00 - x ]', '[ NCMS000 - maligno : AQ0MS0 - maligno ]', '[ Z - 12,5x12,5x7 : Z - 12 ]'];
['es-S0004-06142005000900013-1.txt_tagged'];0,000;0,000;0,635;315;315;315;13;13;13;[('A - NC00000', 1), ('área - NCMS000', 1)];[('A - SPS00', 1), ('área - NCFS000', 1)];[('[ NC00000 : SPS00 ]', 1), ('[ NCMS000 : NCFS000 ]', 1)];['[ NC00000 - A : SPS00 - A ]', '[ NCMS000 - área : NCFS000 - área ]'];
['es-S0210-48062006000700010-1.txt_tagged'];0,000;0,000;3,901;282;282;282;13;13;13;[('derecho - AQ0MS0', 2), ('Paciente - NCMS000', 1), ('asociándose - VMG0000+P00CN000', 1), ('líquido - NCMS000', 1), ('encapsulado - VMP00SM', 1), ('extendiéndose - VMG0000+P00CN000', 1), ('alta - NCMS000', 1), ('retirándose - VMG0000+P00CN000', 1), ('debito - NCMS000', 1), ('mismo - PI0MS000', 1)];[('derecho - NCMS000', 2), ('Paciente - NCCS000', 1), ('asociándose - VMG0000+PP3CN000', 1), ('líquido - AQ0MS0', 1), ('encapsulado - NCMS000', 1), ('extendiéndose - VMG0000+PP3CN000', 1), ('alta - NCFS000', 1), ('retirándose - VMG0000+PP3CN000', 1), ('debito - VMIP1S0', 1), ('mismo - PI0FS000', 1)];[('[ VMG0000+P00CN000 : VMG0000+PP3CN000 ]', 3), ('[ AQ0MS0 : NCMS000 ]', 2), ('[ NCMS000 : NCCS000 ]', 1), ('[ NCMS000 : AQ0MS0 ]', 1), ('[ VMP00SM : NCMS000 ]', 1), ('[ NCMS000 : NCFS000 ]', 1), ('[ NCMS000 : VMIP1S0 ]', 1), ('[ PI0MS000 : PI0FS000 ]', 1)];['[ NCMS000 - Paciente : NCCS000 - Paciente ]', '[ VMG0000+P00CN000 - asociándose : VMG0000+PP3CN000 - asociándose ]', '[ NCMS000 - líquido : AQ0MS0 - líquido ]', '[ VMP00SM - encapsulado : NCMS000 - encapsulado ]', '[ AQ0MS0 - derecho : NCMS000 - derecho ]', '[ VMG0000+P00CN000 - extendiéndose : VMG0000+PP3CN000 - extendiéndose ]', '[ AQ0MS0 - derecho : NCMS000 - derecho ]', '[ NCMS000 - alta : NCFS000 - alta ]', '[ VMG0000+P00CN000 - retirándose : VMG0000+PP3CN000 - retirándose ]', '[ NCMS000 - debito : VMIP1S0 - debito ]', '[ PI0MS000 - mismo : PI0FS000 - mismo ]'];
['S0004-06142006000600009-1.txt_tagged'];0,000;0,000;0,533;375;375;375;13;13;13;[('izquierda - NCFS000', 1), ('realizándose - VMG0000+P00CN000', 1)];[('izquierda - AQ0FS0', 1), ('realizándose - VMG0000+PP3CN000', 1)];[('[ NCFS000 : AQ0FS0 ]', 1), ('[ VMG0000+P00CN000 : VMG0000+PP3CN000 ]', 1)];['[ NCFS000 - izquierda : AQ0FS0 - izquierda ]', '[ VMG0000+P00CN000 - realizándose : VMG0000+PP3CN000 - realizándose ]'];
['S1130-05582007000500007-1.txt_tagged'];0,431;0,000;1,293;232;232;236;10;10;10;[('derecha - AQ0FS0', 1), ('manteniéndose - VMG0000+P00CN000', 1), ('4,5x3x3,3 - Z', 1)];[('derecha - AQ0CS0', 1), ('manteniéndose - VMG0000+PP3CN000', 1), ('4 - Z', 1)];[('[ AQ0FS0 : AQ0CS0 ]', 1), ('[ VMG0000+P00CN000 : VMG0000+PP3CN000 ]', 1), ('[ Z : Z ]', 1)];['[ AQ0FS0 - derecha : AQ0CS0 - derecha ]', '[ VMG0000+P00CN000 - manteniéndose : VMG0000+PP3CN000 - manteniéndose ]', '[ Z - 4,5x3x3,3 : Z - 4 ]'];
['es-S0004-06142007000900013-1.txt_tagged'];0,000;0,000;2,451;204;204;204;6;6;6;[('se - P03CN000', 2), ('mismo - PI0MS000', 1), ('procediéndose - VMG0000+P00CN000', 1), ('derecho - AQ0MS0', 1)];[('se - P00CN000', 2), ('mismo - AQ0MS0', 1), ('procediéndose - VMG0000+PP3CN000', 1), ('derecho - NCMS000', 1)];[('[ P03CN000 : P00CN000 ]', 2), ('[ PI0MS000 : AQ0MS0 ]', 1), ('[ VMG0000+P00CN000 : VMG0000+PP3CN000 ]', 1), ('[ AQ0MS0 : NCMS000 ]', 1)];['[ PI0MS000 - mismo : AQ0MS0 - mismo ]', '[ P03CN000 - se : P00CN000 - se ]', '[ P03CN000 - se : P00CN000 - se ]', '[ VMG0000+P00CN000 - procediéndose : VMG0000+PP3CN000 - procediéndose ]', '[ AQ0MS0 - derecho : NCMS000 - derecho ]'];
['es-S0004-06142005000200009-1.txt_tagged'];0,000;0,000;1,911;157;157;157;5;5;5;[('E-RME - NC00000', 1), ('i - Z', 1), ('AP - NC00000', 1)];[('E-RME - NP00000', 1), ('i - NCFS000', 1), ('AP - NP00000', 1)];[('[ NC00000 : NP00000 ]', 2), ('[ Z : NCFS000 ]', 1)];['[ NC00000 - E-RME : NP00000 - E-RME ]', '[ Z - i : NCFS000 - i ]', '[ NC00000 - AP : NP00000 - AP ]'];
['S1130-14732006000400005-1.txt_tagged'];0,000;0,000;0,518;386;386;386;19;19;19;[('dicha - VMP00SF', 1), ('izquierda - AQ0FS0', 1)];[('dicha - NCFS000', 1), ('izquierda - NCFS000', 1)];[('[ VMP00SF : NCFS000 ]', 1), ('[ AQ0FS0 : NCFS000 ]', 1)];['[ VMP00SF - dicha : NCFS000 - dicha ]', '[ AQ0FS0 - izquierda : NCFS000 - izquierda ]'];
['es-S0376-78922009000300010-1.txt_tagged'];0,000;0,000;0,769;390;390;390;13;13;13;[('Paciente - NCCS000', 1), ('bipediculado - VMP00PM', 1), ('libero - VMIP1S0', 1)];[('Paciente - NP00000', 1), ('bipediculado - AQ0MS0', 1), ('libero - VMIS3S0', 1)];[('[ NCCS000 : NP00000 ]', 1), ('[ VMP00PM : AQ0MS0 ]', 1), ('[ VMIP1S0 : VMIS3S0 ]', 1)];['[ NCCS000 - Paciente : NP00000 - Paciente ]', '[ VMP00PM - bipediculado : AQ0MS0 - bipediculado ]', '[ VMIP1S0 - libero : VMIS3S0 - libero ]'];
['S0211-69952014000200012-2.txt_tagged'];0,000;0,000;1,498;267;267;267;9;9;9;[('donante - AQ0CS0', 1), ('confirmándose - VMG0000+P00CN000', 1), ('antiviral - NCMS000', 1), ('negativa - AQ0FS0', 1)];[('donante - NCMS000', 1), ('confirmándose - VMG0000+PP3CN000', 1), ('antiviral - AQ0CS0', 1), ('negativa - NCFS000', 1)];[('[ AQ0CS0 : NCMS000 ]', 1), ('[ VMG0000+P00CN000 : VMG0000+PP3CN000 ]', 1), ('[ NCMS000 : AQ0CS0 ]', 1), ('[ AQ0FS0 : NCFS000 ]', 1)];['[ AQ0CS0 - donante : NCMS000 - donante ]', '[ VMG0000+P00CN000 - confirmándose : VMG0000+PP3CN000 - confirmándose ]', '[ NCMS000 - antiviral : AQ0CS0 - antiviral ]', '[ AQ0FS0 - negativa : NCFS000 - negativa ]'];
['es-S0210-56912007000900007-1.txt_tagged'];0,000;8,333;0,915;328;328;328;12;12;11;[('líquidos - NCMP000', 1), ('intensivista - AQ0CS0', 1), ('Los - DA0MP0', 1)];[('líquidos - AQ0MP0', 1), ('intensivista - NCCS000', 1), ('Los - NP00000', 1)];[('[ NCMP000 : AQ0MP0 ]', 1), ('[ AQ0CS0 : NCCS000 ]', 1), ('[ DA0MP0 : NP00000 ]', 1)];['[ NCMP000 - líquidos : AQ0MP0 - líquidos ]', '[ AQ0CS0 - intensivista : NCCS000 - intensivista ]', '[ DA0MP0 - Los : NP00000 - Los ]'];
['S0365-66912007000900014-1.txt_tagged'];0,000;0,000;0,500;400;400;400;15;15;15;[('inicial - NCFS000', 1), ('antiviral - NCMS000', 1)];[('inicial - NCCS000', 1), ('antiviral - AQ0CS0', 1)];[('[ NCFS000 : NCCS000 ]', 1), ('[ NCMS000 : AQ0CS0 ]', 1)];['[ NCFS000 - inicial : NCCS000 - inicial ]', '[ NCMS000 - antiviral : AQ0CS0 - antiviral ]'];
['S0376-78922007000300006-3.txt_tagged'];0,000;0,000;2,362;127;127;127;4;4;4;[('antecedentes - NCMS000', 1), ('médicos - AQ0MS0', 1), ('flexor - NCMS000', 1)];[('antecedentes - AQ0CP0', 1), ('médicos - NCMP000', 1), ('flexor - AQ0MS0', 1)];[('[ NCMS000 : AQ0CP0 ]', 1), ('[ AQ0MS0 : NCMP000 ]', 1), ('[ NCMS000 : AQ0MS0 ]', 1)];['[ NCMS000 - antecedentes : AQ0CP0 - antecedentes ]', '[ AQ0MS0 - médicos : NCMP000 - médicos ]', '[ NCMS000 - flexor : AQ0MS0 - flexor ]'];
['es-S0210-48062005000700015-1.txt_tagged'];0,154;0,000;2,157;649;650;649;25;25;25;[('encontrándose - VMG0000+P00CN000', 2), ('Imagen - NC00000', 2), ('que - PR0CN000', 1), ('negativas - AQ0FP0', 1), ('bajo - AQ0MS0', 1), ('C - NC00000', 1), ('determinantes - AQ0CS0', 1), ('hallándose - VMG0000+P00CN000', 1), ('evidenciarse - VMN0000+P00CN000', 1), ('apreciarse - VMN0000+P00CN000', 1), ('alta - NCMS000', 1), ('periódico - AQ0MS0', 1)];[('encontrándose - VMG0000+PP3CN000', 2), ('que - CS', 1), ('negativas - NCFP000', 1), ('bajo - SPS00', 1), ('C. - NC00000', 1), ('determinantes - NCMP000', 1), ('Imagen - NCFS000', 1), ('hallándose - VMG0000+PP3CN000', 1), ('evidenciarse - VMN0000+PP3CN000', 1), ('apreciarse - VMN0000+PP3CN000', 1), ('Imagen - NP00000', 1), ('alta - NCFS000', 1), ('periódico - NCMS000', 1)];[('[ VMG0000+P00CN000 : VMG0000+PP3CN000 ]', 3), ('[ VMN0000+P00CN000 : VMN0000+PP3CN000 ]', 2), ('[ PR0CN000 : CS ]', 1), ('[ AQ0FP0 : NCFP000 ]', 1), ('[ AQ0MS0 : SPS00 ]', 1), ('[ NC00000 : NC00000 ]', 1), ('[ AQ0CS0 : NCMP000 ]', 1), ('[ NC00000 : NCFS000 ]', 1), ('[ NC00000 : NP00000 ]', 1), ('[ NCMS000 : NCFS000 ]', 1), ('[ AQ0MS0 : NCMS000 ]', 1)];['[ PR0CN000 - que : CS - que ]', '[ AQ0FP0 - negativas : NCFP000 - negativas ]', '[ VMG0000+P00CN000 - encontrándose : VMG0000+PP3CN000 - encontrándose ]', '[ VMG0000+P00CN000 - encontrándose : VMG0000+PP3CN000 - encontrándose ]', '[ AQ0MS0 - bajo : SPS00 - bajo ]', '[ NC00000 - C : NC00000 - C. ]', '[ AQ0CS0 - determinantes : NCMP000 - determinantes ]', '[ NC00000 - Imagen : NCFS000 - Imagen ]', '[ VMG0000+P00CN000 - hallándose : VMG0000+PP3CN000 - hallándose ]', '[ VMN0000+P00CN000 - evidenciarse : VMN0000+PP3CN000 - evidenciarse ]', '[ VMN0000+P00CN000 - apreciarse : VMN0000+PP3CN000 - apreciarse ]', '[ NC00000 - Imagen : NP00000 - Imagen ]', '[ NCMS000 - alta : NCFS000 - alta ]', '[ AQ0MS0 - periódico : NCMS000 - periódico ]'];
['S1139-76322013000200009-1.txt_tagged'];0,000;0,000;0,000;157;157;157;8;8;8;[];[];[];[];
['es-S0376-78922009000400010-1.txt_tagged'];0,000;0,000;0,000;183;183;183;7;7;7;[];[];[];[];
Total:;0,030;0,210;1,147;;;;;;;[('derecho - AQ0MS0', 10), ('ha - NC00000', 9), ('derecha - AQ0FS0', 9), ('A - NC00000', 8), ('realizándose - VMG0000+P00CN000', 7), ('ha - VAIP3S0', 7), ('Paciente - NCCS000', 6), ('alta - NCMS000', 6), ('v.o. - NC00000', 6), ('objetivándose - VMG0000+P00CN000', 5), ('negativa - AQ0FS0', 5), ('izquierda - AQ0FS0', 4), ('observándose - VMG0000+P00CN000', 4), ('confirmándose - VMG0000+P00CN000', 4), ('paciente - NCCS000', 4), ('encontrándose - VMG0000+P00CN000', 4), ('V - Z', 4), ('guía - NCCS000', 4), ('doppler - NC00000', 3), ('que - PR0CN000', 3), ('izquierda - NCFS000', 3), ('iniciándose - VMG0000+P00CN000', 3), ('mismo - PI0MS000', 3), ('líquido - NCMS000', 2), ('Rx - NC00000', 2), ('consiguiéndose - VMG0000+P00CN000', 2), ('coma - NCMS000', 2), ('alta - NCFS000', 2), ('agregándose - VMG0000+P00CN000', 2), ('hidroclorotiazida - NCMS000', 2), ('i.v. - NC00000', 2), ('x - NCFS000', 2), ('decidiéndose - VMG0000+P00CN000', 2), ('3x2,5x1,2 - Z', 2), ('paciente - AQ0CS0', 2), ('comprobándose - VMG0000+P00CN000', 2), ('evidenciarse - VMN0000+P00CN000', 2), ('asma - NCMS000', 2), ('D-AAT - NC00000', 2), ('descartarse - VMN0000+P00CN000', 2), ('basal - AQ0CS0', 2), ('ulcus - NC00000', 2), ('mismo - AQ0MS0', 2), ('i - NC00000', 2), ('donante - AQ0CS0', 2), ('resolverse - VMN0000+P00CN000', 2), ('largo - RG', 2), ('positivo - AQ0MS0', 2), ('junto - RG', 2), ('sobretodo - RG', 2), ('negativas - AQ0FP0', 2), ('bajo - AQ0MS0', 2), ('dicha - VMP00SF', 2), ('se - P03CN000', 2), ('antiviral - NCMS000', 2), ('Imagen - NC00000', 2), ('correspondiente - AQ0CS0', 1), ('antiinflamatorios - NCMP000', 1), ('antibióticos - NCMP000', 1), ('a - SPS00', 1), ('e - CC', 1), ('animales - AQ0CP0', 1), ('controlándose - VMG0000+P00CN000', 1), ('A - SPS00', 1), ('iniciada - NCFS000', 1), ('estabilizándose - VMG0000+P00CN000', 1), ('bebidas - VMP00PF', 1), ('mas - RG', 1), ('Urea - NP00000', 1), ('primario - AQ0MS0', 1), ('submucosa - NCFS000', 1), ('perdida - NCFS000', 1), ('K+ - NC00000', 1), ('Cromogranina - NP00000', 1), ('planteándose - VMG0000+P00CN000', 1), ('practicándose - VMG0000+P00CN000', 1), ('base - NCFS000', 1), ('triple - NCMS000', 1), ('diestra - AQ0FS0', 1), ('L - NC0000', 1), ('Recibía - VMII3S0', 1), ('µg - NCMS000', 1), ('µg - NC00000', 1), ('informe - NCMS000', 1), ('asociada - NCFS000', 1), ('ser - NCMS000', 1), ('Carcinoma - NP00000', 1), ('Fluoropirimidinas9 - NCFP000', 1), ('19x10x5 - Z', 1), ('frente - RG', 1), ('secundario - NCMS000', 1), ('produciéndose - VMG0000+P00CN000', 1), ('dependiente - NCMS000', 1), ('Pruebas_Analíticas_Complementarias - NCFS000', 1), ('Técnicas_de_Imagen - NCFS000', 1), ('derecho - NCMS000', 1), ('Descripción - NP00000', 1), ('remite - NCMS000', 1), ('indefinidos - AQ0MP0', 1), ('bajo - SPS00', 1), ('apreciándose - VMG0000+P00CN000', 1), ('roncus - NCMP000', 1), ('haberse - VAN0000+P00CN000', 1), ('pudiéndose - VMG0000+P00CN000', 1), ('darse - VMN0000+P00CN000', 1), ('hemangioma - NCFS000', 1), ('paraqueratosis - NCFS000', 1), ('realizarse - VMN0000+P00CN000', 1), ('dolorosa - AQ0FS0', 1), ('refractario - AQ0MS0', 1), ('adyuvante - NCMS000', 1), ('Se - P03CN000', 1), ('evidencia - NCFS000', 1), ('negativos - NCMP000', 1), ('objetiva - VMIP3S0', 1), ('hemangioma - NCMS000', 1), ('fantasma - NCMS000', 1), ('conservantes - NCMP000', 1), ('hiposfagma - NCFS000', 1), ('Hb - NC00000', 1), ('Na - NC00000', 1), ('proteinograma - NCFS000', 1), ('pautándose - VMG0000+P00CN000', 1), ('tuberculostáticos - NCMP000', 1), ('II - Z', 1), ('IV - Z', 1), ('Hemograma - NCMS000', 1), ('Ecografía - NCFS000', 1), ('Urografía - NCFS000', 1), ('Cistoscopia - NCFS000', 1), ('potencial - NCMS000', 1), ('destacándose - VMG0000+P00CN000', 1), ('teórico - AQ0MS0', 1), ('macro - NCFS000', 1), ('mínima - AQ0FS0', 1), ('Biomicroscópicamente - NP00000', 1), ('sellarse - VMN0000+P00CN000', 1), ('Padres - NCMS000', 1), ('precisa - AQ0FS0', 1), ('masculino - AQ0MS0', 1), ('d - NC00000', 1), ('establecerse - VMN0000+P00CN000', 1), ('x - SPS00', 1), ('infundiéndose - VMG0000+P00CN000', 1), ('analítica - NCFS000', 1), ('CTDIvol - NC00000', 1), ('Servicio_de_Digestivo - NP00000', 1), ('subtotal - AQ0CS0', 1), ('Complicaciones - NCFP000', 1), ('detectándose - VMG0000+P00CN000', 1), ('A - SPS000', 1), ('colangitis - NCFN000', 1), ('administrándose - VMG0000+P00CN000', 1), ('que - CS', 1), ('palpándose - VMG0000+P00CN000', 1), ('externa - NCFS000', 1), ('Arterio - AQ00000', 1), ('IgA - NC00000', 1), ('asociada - VMP00SF', 1), ('coronaria - AQ0FS0', 1), ('motor - NCMS000', 1), ('test - NCMN000', 1), ('romperse - VMN0000+P00CN000', 1), ('temporal - NCMS000', 1), ('visualizándose - VMG0000+P00CN000', 1), ('Biopsia - NP00000', 1), ('tratándose - VMG0000+P00CN000', 1), ('derecha - NCFS000', 1), ('reflejo - NCMS000', 1), ('líquido - AQ0MS0', 1), ('Carga - NCFS000', 1), ('Mantoux - NC00000', 1), ('i.m. - NC00000', 1), ('terminal - AQ0CS0', 1), ('diferencial - NCMS000', 1), ('instaurándose - VMG0000+P00CN000', 1), ('relleno - NCMS000', 1), ('demostrándose - VMG0000+P00CN000', 1), ('integrum - AQ0CS0', 1), ('afecta - VMIP3S0', 1), ('J - NC00000', 1), ('ancho - NCMS000', 1), ('Niña - NCFS000', 1), ('Rh - NC00000', 1), ('derecho - AQ0MS', 1), ('Febrero - NC00000', 1), ('HTLV-I - NC00000', 1), ('disminuirse - VMN0000+P00CN000', 1), ('recto - NCMS000', 1), ('mecánica - NCFS000', 1), ('inferior.46 - AQ0CS0', 1), ('Saint_John_of_God - NP00000', 1), ('verdes1 - AQ0MS0', 1), ('antecedentes - NCMP000', 1), ('familiares - AQ0CP0', 1), ('encontrarse - VMN0000+P00CN000', 1), ('cortical - NCMS000', 1), ('conoide - NCMS000', 1), ('periódicos - AQ0MP0', 1), ('I - Z', 1), ('epidural - AQ0CS0', 1), ('sí - RG', 1), ('mal - RG', 1), ('negativos - AQ0MP0', 1), ('postcompresión - NCFS000', 1), ('10x10 - NC00000', 1), ('cava - NCFS000', 1), ('realizándosele - VMG0000+P00CN000+PP3CSD00', 1), ('evidenciándose - VMG0000+P00CN000', 1), ('s.c. - NC00000', 1), ('acortándose - VMG0000+P00CN000', 1), ('otra - PI0FS000', 1), ('subtotal - NCMS000', 1), ('ciego - AQ0MS0', 1), ('resistente - NCMS000', 1), ('lateralizado - AQ0MS0', 1), ('Testículo - NP00000', 1), ('vicentina - AQ0FS0', 1), ('negativo - AQ0MS0', 1), ('observarse - VMN0000+P00CN000', 1), ('objetivarse - VMN0000+P00CN000', 1), ('paciente - NC0CS0', 1), ('P - NC00000', 1), ('Durante - SPS00', 1), ('Paciente - NCCS0', 1), ('resolviéndose - VMG0000+P00CN000', 1), ('familiar - NCCS000', 1), ('pendiente - NCMS000', 1), ('Exploración - NP00000', 1), ('rubia - AQ0FS0', 1), ('renal7,8 - AQ0CS0', 1), ('Balance - NP00000', 1), ('Proteinuria - NCFS000', 1), ('moderada - AQ0FS0', 1), ('G - NC00000', 1), ('En - SPS00', 1), ('presente - AQ0CS0', 1), ('derecho - AQ0CS0', 1), ('legrado - VMP00SM', 1), ('insertándose - VMG0000+P00CN000', 1), ('ANTI-RNP - NC00000', 1), ('ANTI-SSB - NC00000', 1), ('ANTI-Sm - NC00000', 1), ('ANTI-RO - NC00000', 1), ('ANTI-CENTROMERO - NC00000', 1), ('Paperas - NP00000', 1), ('frigore - NC00000', 1), ('La - NP00000', 1), ('componente - NCCS000', 1), ('sólido - AQ0MS0', 1), ('Esta - NP00000', 1), ('dcha. - NCFS000', 1), ('USA - NP00000', 1), ('residente - AQ0CS0', 1), ('se - PP3CN000', 1), ('médico - NCCS000', 1), ('subdartos - AQ0MP0', 1), ('da - VMIP3S0', 1), ('Sedimento - NP00000', 1), ('urinario - NCMS000', 1), ('x - Z', 1), ('maligno - NCMS000', 1), ('12,5x12,5x7 - Z', 1), ('área - NCMS000', 1), ('Paciente - NCMS000', 1), ('asociándose - VMG0000+P00CN000', 1), ('encapsulado - VMP00SM', 1), ('extendiéndose - VMG0000+P00CN000', 1), ('retirándose - VMG0000+P00CN000', 1), ('debito - NCMS000', 1), ('manteniéndose - VMG0000+P00CN000', 1), ('4,5x3x3,3 - Z', 1), ('procediéndose - VMG0000+P00CN000', 1), ('E-RME - NC00000', 1), ('i - Z', 1), ('AP - NC00000', 1), ('bipediculado - VMP00PM', 1), ('libero - VMIP1S0', 1), ('líquidos - NCMP000', 1), ('intensivista - AQ0CS0', 1), ('Los - DA0MP0', 1), ('inicial - NCFS000', 1), ('antecedentes - NCMS000', 1), ('médicos - AQ0MS0', 1), ('flexor - NCMS000', 1), ('C - NC00000', 1), ('determinantes - AQ0CS0', 1), ('hallándose - VMG0000+P00CN000', 1), ('apreciarse - VMN0000+P00CN000', 1), ('periódico - AQ0MS0', 1)];[('derecho - NCMS000', 11), ('ha - VAIP3S0', 9), ('derecha - NCFS000', 8), ('A - SPS00', 8), ('realizándose - VMG0000+PP3CN000', 7), ('ha - NC00000', 7), ('v.o. - NCFS000', 6), ('objetivándose - VMG0000+PP3CN000', 5), ('alta - AQ0FS0', 5), ('negativa - NCFS000', 5), ('paciente - AQ0CS0', 5), ('Paciente - AQ0CS0', 4), ('izquierda - NCFS000', 4), ('observándose - VMG0000+PP3CN000', 4), ('confirmándose - VMG0000+PP3CN000', 4), ('encontrándose - VMG0000+PP3CN000', 4), ('i - NCFS000', 4), ('V - NC00000', 4), ('guía - NCFS000', 4), ('doppler - NP00000', 3), ('que - CS', 3), ('x - SPS00', 3), ('izquierda - AQ0FS0', 3), ('iniciándose - VMG0000+PP3CN000', 3), ('se - P00CN000', 3), ('alta - NCFS000', 3), ('Rx - NP00000', 2), ('consiguiéndose - VMG0000+PP3CN000', 2), ('agregándose - VMG0000+PP3CN000', 2), ('hidroclorotiazida - NCFS000', 2), ('i.v. - NCFS000', 2), ('decidiéndose - VMG0000+PP3CN000', 2), ('3x2 - Z', 2), ('derecho - AQ0MS0', 2), ('paciente - NCCS000', 2), ('comprobándose - VMG0000+PP3CN000', 2), ('evidenciarse - VMN0000+PP3CN000', 2), ('asma - NCFS000', 2), ('D-AAT - NP00000', 2), ('descartarse - VMN0000+PP3CN000', 2), ('basal - AQ0CP0', 2), ('ulcus - NCMS000', 2), ('mismo - PI0MS000', 2), ('resolverse - VMN0000+PP3CN000', 2), ('largo - AQ0MS0', 2), ('positivo - NCMS000', 2), ('junto - VMIP1S0', 2), ('sobretodo - NCMS000', 2), ('negativas - NCFP000', 2), ('antecedentes - AQ0CP0', 2), ('bajo - SPS00', 2), ('dicha - NCFS000', 2), ('mismo - AQ0MS0', 2), ('antiviral - AQ0CS0', 2), ('correspondiente - NCCS000', 1), ('antiinflamatorios - AQ0MP0', 1), ('antibióticos - AQ0MP0', 1), ('líquido - AQMS0', 1), ('a - NCFS000', 1), ('e - NCFS000', 1), ('animales - AQ0FP0', 1), ('controlándose - VMG0000+PP3CN000', 1), ('A - S', 1), ('iniciada - VMP00SF', 1), ('estabilizándose - VMG0000+PP3CN000', 1), ('bebidas - NCFP000', 1), ('mas - NC00000', 1), ('Urea - NCFS000', 1), ('primario - NCMS000', 1), ('submucosa - AQ0FS0', 1), ('perdida - VMP00SF', 1), ('K+ - NP00000', 1), ('Cromogranina - NCFS000', 1), ('planteándose - VMG0000+PP3CN000', 1), ('practicándose - VMG0000+PP3CN000', 1), ('base - NCCS000', 1), ('coma - VMSP3S0', 1), ('triple - AQ0CS0', 1), ('diestra - NCFS000', 1), ('L. - NC00000', 1), ('Recibía - NP00000', 1), ('µg - NC00000', 1), ('µg - NCMS000', 1), ('informe - AQ0CS0', 1), ('asociada - VMP00SF', 1), ('ser - VMN0000', 1), ('Carcinoma - NCMS000', 1), ('Fluoropirimidinas9 - NC00000', 1), ('19x10x5 - NC00000', 1), ('frente - NCFS000', 1), ('secundario - AQ0MS0', 1), ('produciéndose - VMG0000+PP3CN000', 1), ('dependiente - AQ0CS0', 1), ('Pruebas_Analíticas_Complementarias - NP00000', 1), ('Técnicas_de_Imagen - NCFP000', 1), ('Descripción - NCFS000', 1), ('remite - VMIP3S0', 1), ('indefinidos - NCMP000', 1), ('bajo - AQ0MS0', 1), ('apreciándose - VMG0000+PP3CN000', 1), ('roncus - NCMS000', 1), ('haberse - VAN0000+PP3CN000', 1), ('pudiéndose - VMG0000+PP3CN000', 1), ('darse - VMN0000+PP3CN000', 1), ('hemangioma - NCMS000', 1), ('paraqueratosis - NCFN000', 1), ('realizarse - VMN0000+PP3CN000', 1), ('dolorosa - NCFS000', 1), ('refractario - AQMS00', 1), ('adyuvante - AQ0MS0', 1), ('Se - P00CN000', 1), ('evidencia - VMIP3S0', 1), ('negativos - AQ0MP0', 1), ('objetiva - AQ0FS0', 1), ('hemangioma - NCFS000', 1), ('fantasma - AQ0MS0', 1), ('conservantes - AQ0CP0', 1), ('hiposfagma - NCMS000', 1), ('Hb - NP00000', 1), ('Na - NP00000', 1), ('proteinograma - NCMS000', 1), ('pautándose - VMG0000+PP3CN000', 1), ('tuberculostáticos - AQ0MP0', 1), ('II - NC00000', 1), ('IV - NC00000', 1), ('Hemograma - NP00000', 1), ('Ecografía - NP00000', 1), ('Urografía - NP00000', 1), ('Cistoscopia - NP00000', 1), ('donante - NCCS000', 1), ('potencial - AQ0CS0', 1), ('destacándose - VMG0000+PP3CN000', 1), ('teórico - NCMS000', 1), ('macro - AQ0CS0', 1), ('mínima - NCFS000', 1), ('Biomicroscópicamente - RG', 1), ('sellarse - VMN0000+PP3CN000', 1), ('Padres - NCMP000', 1), ('precisa - VMIP3S0', 1), ('masculino - NCMS000', 1), ('d - NCFS000', 1), ('coma - NCCS000', 1), ('establecerse - VMN0000+PP3CN000', 1), ('x - NCFS000', 1), ('infundiéndose - VMG0000+PP3CN000', 1), ('analítica - AQ0FS0', 1), ('CTDIvol - NP00000', 1), ('Servicio_de_Digestivo - NCMS000', 1), ('subtotal - AQCS0', 1), ('Complicaciones - NP00000', 1), ('detectándose - VMG0000+PP3CN000', 1), ('colangitis - NCFS000', 1), ('administrándose - VMG0000+PP3CN000', 1), ('que - PR0CN000', 1), ('palpándose - VMG0000+PP3CN000', 1), ('externa - VMIP3S0', 1), ('Arterio - NCMS000', 1), ('IgA - NP00000', 1), ('asociada - AQ0FS0', 1), ('coronaria - NCFS000', 1), ('motor - AQ0MS0', 1), ('test - NCMP000', 1), ('romperse - VMN0000+PP3CN000', 1), ('temporal - AQ0CS0', 1), ('visualizándose - VMG0000+PP3CN000', 1), ('Biopsia - NCFS000', 1), ('tratándose - VMG0000+PP3CN000', 1), ('derecha - AQ0FS0', 1), ('reflejo - AQ0MS0', 1), ('líquido - NCMS000', 1), ('Carga - NP00000', 1), ('Mantoux - NP00000', 1), ('terminal - NCCS000', 1), ('diferencial - AQ0CS0', 1), ('instaurándose - VMG0000+PP3CN000', 1), ('relleno - AQ0MS0', 1), ('demostrándose - VMG0000+PP3CN000', 1), ('integrum - AQ0MS0', 1), ('afecta - AQ0FS0', 1), ('J. - NC00000', 1), ('ancho - AQ0MS0', 1), ('Niña - NP00000', 1), ('Rh - NP00000', 1), ('A - NCFS000', 1), ('Febrero - NCMS000', 1), ('HTLV-I - NP00000', 1), ('disminuirse - VMN0000+PP3CN000', 1), ('recto - AQ0MS0', 1), ('mecánica - AQ0FS0', 1), ('inferior.46 - AQ0MS0', 1), ('Saint_John - NP00000', 1), ('verdes1 - AQ0MP0', 1), ('familiares - NCMP000', 1), ('encontrarse - VMN0000+PP3CN000', 1), ('cortical - AQ0CS0', 1), ('conoide - AQ0CS0', 1), ('periódicos - NCMP000', 1), ('I - NC00000', 1), ('epidural - NCFS000', 1), ('sí - PP3CNO00', 1), ('mal - AQ0CS0', 1), ('negativos - NCMP000', 1), ('postcompresión - RG', 1), ('10x10 - Z', 1), ('cava - NFCS000', 1), ('realizándosele - VMG0000+PP3CN000+PP3CSD00', 1), ('evidenciándose - VMG0000+PP3CN000', 1), ('Paciente - NCCS00', 1), ('s.c. - NCFS000', 1), ('acortándose - VMG0000+PP3CN000', 1), ('Paciente - NCMS000', 1), ('otra - DI0FS0', 1), ('subtotal - AQ0CS0', 1), ('ciego - NCMS000', 1), ('resistente - AQ0FS0', 1), ('lateralizado - VMP00SM', 1), ('Testículo - NCMS000', 1), ('vicentina - NCFS000', 1), ('negativo - NCMS000', 1), ('observarse - VMN0000+PP3CN000', 1), ('objetivarse - VMN0000+PP3CN000', 1), ('P. - NC00000', 1), ('Durante - NP00000', 1), ('resolviéndose - VMG0000+PP3CN000', 1), ('familiar - AQ0CS0', 1), ('pendiente - AQ0CS0', 1), ('Exploración - NCFS000', 1), ('rubia - NCFS000', 1), ('renal7,8 - AQ0FS0', 1), ('Balance - NCMS000', 1), ('Proteinuria - NP00000', 1), ('moderada - NCFS000', 1), ('G. - NC00000', 1), ('En - NP00000', 1), ('presente - AQ0MS0', 1), ('legrado - NCMS000', 1), ('insertándose - VMG0000+PP3CN000', 1), ('ANTI-RNP - NP00000', 1), ('ANTI-SSB - NP00000', 1), ('ANTI-Sm - NP00000', 1), ('ANTI-RO - NP00000', 1), ('ANTI-CENTROMERO - NP00000', 1), ('Paperas - NCFP000', 1), ('frigore - NCMS000', 1), ('La - DA0FS0', 1), ('componente - AQ0CS0', 1), ('sólido - NCMS000', 1), ('Esta - DD0FS0', 1), ('dcha. - AQ0FS0', 1), ('USA - NC00000', 1), ('residente - NCCS000', 1), ('médico - NCMS000', 1), ('subdartos - NC00000', 1), ('da - NC00000', 1), ('Sedimento - NCMS000', 1), ('urinario - AQ0MS0', 1), ('maligno - AQ0MS0', 1), ('12 - Z', 1), ('área - NCFS000', 1), ('Paciente - NCCS000', 1), ('asociándose - VMG0000+PP3CN000', 1), ('líquido - AQ0MS0', 1), ('encapsulado - NCMS000', 1), ('extendiéndose - VMG0000+PP3CN000', 1), ('retirándose - VMG0000+PP3CN000', 1), ('debito - VMIP1S0', 1), ('mismo - PI0FS000', 1), ('derecha - AQ0CS0', 1), ('manteniéndose - VMG0000+PP3CN000', 1), ('4 - Z', 1), ('procediéndose - VMG0000+PP3CN000', 1), ('E-RME - NP00000', 1), ('AP - NP00000', 1), ('Paciente - NP00000', 1), ('bipediculado - AQ0MS0', 1), ('libero - VMIS3S0', 1), ('donante - NCMS000', 1), ('líquidos - AQ0MP0', 1), ('intensivista - NCCS000', 1), ('Los - NP00000', 1), ('inicial - NCCS000', 1), ('médicos - NCMP000', 1), ('flexor - AQ0MS0', 1), ('C. - NC00000', 1), ('determinantes - NCMP000', 1), ('Imagen - NCFS000', 1), ('hallándose - VMG0000+PP3CN000', 1), ('apreciarse - VMN0000+PP3CN000', 1), ('Imagen - NP00000', 1), ('periódico - NCMS000', 1)];[('[ VMG0000+P00CN000 : VMG0000+PP3CN000 ]', 62), ('[ AQ0FS0 : NCFS000 ]', 24), ('[ NC00000 : NP00000 ]', 23), ('[ AQ0MS0 : NCMS000 ]', 20), ('[ VMN0000+P00CN000 : VMN0000+PP3CN000 ]', 16), ('[ NC00000 : NCFS000 ]', 15), ('[ NCMS000 : AQ0MS0 ]', 13), ('[ NCMS000 : AQ0CS0 ]', 12), ('[ NCFS000 : AQ0FS0 ]', 10), ('[ NC00000 : VAIP3S0 ]', 9), ('[ NCCS000 : AQ0CS0 ]', 9), ('[ NCMS000 : NCFS000 ]', 9), ('[ Z : NC00000 ]', 8), ('[ AQ0CS0 : NCCS000 ]', 7), ('[ NCFS000 : NP00000 ]', 7), ('[ VAIP3S0 : NC00000 ]', 7), ('[ NC00000 : SPS00 ]', 7), ('[ NCMP000 : AQ0MP0 ]', 5), ('[ NP00000 : NCFS000 ]', 5), ('[ NC00000 : NCMS000 ]', 5), ('[ NP00000 : NCMS000 ]', 5), ('[ Z : Z ]', 4), ('[ NCMS000 : AQ0FS0 ]', 4), ('[ AQ0CS0 : AQ0MS0 ]', 4), ('[ NC00000 : NC00000 ]', 4), ('[ NCCS000 : NCFS000 ]', 4), ('[ NCFS000 : VMP00SF ]', 3), ('[ PR0CN000 : CS ]', 3), ('[ AQ0MP0 : NCMP000 ]', 3), ('[ NCFS000 : NCMS000 ]', 3), ('[ P03CN000 : P00CN000 ]', 3), ('[ SPS00 : NCFS000 ]', 2), ('[ NCFS000 : NCCS000 ]', 2), ('[ NCFS000 : SPS00 ]', 2), ('[ AQ0CS0 : AQ0CP0 ]', 2), ('[ NCFS000 : VMIP3S0 ]', 2), ('[ VMIP3S0 : AQ0FS0 ]', 2), ('[ AQ0MS0 : PI0MS000 ]', 2), ('[ NCMP000 : AQ0CP0 ]', 2), ('[ NCMS000 : NCCS000 ]', 2), ('[ RG : AQ0MS0 ]', 2), ('[ RG : VMIP1S0 ]', 2), ('[ RG : NCMS000 ]', 2), ('[ AQ0FP0 : NCFP000 ]', 2), ('[ AQ0MS0 : SPS00 ]', 2), ('[ VMP00SF : NCFS000 ]', 2), ('[ NCCS000 : NCMS000 ]', 2), ('[ SPS00 : NP00000 ]', 2), ('[ VMP00SM : NCMS000 ]', 2), ('[ PI0MS000 : AQ0MS0 ]', 2), ('[ NCMS000 : AQMS0 ]', 1), ('[ CC : NCFS000 ]', 1), ('[ AQ0CP0 : AQ0FP0 ]', 1), ('[ SPS00 : S ]', 1), ('[ VMP00PF : NCFP000 ]', 1), ('[ RG : NC00000 ]', 1), ('[ NCMS000 : VMSP3S0 ]', 1), ('[ NC0000 : NC00000 ]', 1), ('[ VMII3S0 : NP00000 ]', 1), ('[ NCMS000 : NC00000 ]', 1), ('[ NCMS000 : VMN0000 ]', 1), ('[ NCFP000 : NC00000 ]', 1), ('[ RG : NCFS000 ]', 1), ('[ NCFS000 : NCFP000 ]', 1), ('[ NCMS000 : VMIP3S0 ]', 1), ('[ SPS00 : AQ0MS0 ]', 1), ('[ NCMP000 : NCMS000 ]', 1), ('[ VAN0000+P00CN000 : VAN0000+PP3CN000 ]', 1), ('[ NCFS000 : NCFN000 ]', 1), ('[ AQ0MS0 : AQMS00 ]', 1), ('[ NCMS000 : NP00000 ]', 1), ('[ NCFS000 : AQ0CS0 ]', 1), ('[ NP00000 : RG ]', 1), ('[ NCMS000 : NCMP000 ]', 1), ('[ AQ0FS0 : VMIP3S0 ]', 1), ('[ AQ0CS0 : AQCS0 ]', 1), ('[ NCFP000 : NP00000 ]', 1), ('[ SPS000 : SPS00 ]', 1), ('[ NCFN000 : NCFS000 ]', 1), ('[ CS : PR0CN000 ]', 1), ('[ AQ00000 : NCMS000 ]', 1), ('[ VMP00SF : AQ0FS0 ]', 1), ('[ NCMN000 : NCMP000 ]', 1), ('[ AQ0MS : NCMS000 ]', 1), ('[ NP00000 : NP00000 ]', 1), ('[ AQ0MS0 : AQ0MP0 ]', 1), ('[ AQ0CP0 : NCMP000 ]', 1), ('[ AQ0CS0 : NCFS000 ]', 1), ('[ RG : PP3CNO00 ]', 1), ('[ RG : AQ0CS0 ]', 1), ('[ NCFS000 : RG ]', 1), ('[ NC00000 : Z ]', 1), ('[ NCFS000 : NFCS000 ]', 1), ('[ VMG0000+P00CN000+PP3CSD00 : VMG0000+PP3CN000+PP3CSD00 ]', 1), ('[ NCCS000 : NCCS00 ]', 1), ('[ PI0FS000 : DI0FS0 ]', 1), ('[ AQ0MS0 : VMP00SM ]', 1), ('[ NC0CS0 : AQ0CS0 ]', 1), ('[ NCCS0 : AQ0CS0 ]', 1), ('[ AQ0CS0 : AQ0FS0 ]', 1), ('[ NP00000 : NCFP000 ]', 1), ('[ NP00000 : DA0FS0 ]', 1), ('[ NP00000 : DD0FS0 ]', 1), ('[ NP00000 : NC00000 ]', 1), ('[ PP3CN000 : P00CN000 ]', 1), ('[ AQ0MP0 : NC00000 ]', 1), ('[ VMIP3S0 : NC00000 ]', 1), ('[ Z : SPS00 ]', 1), ('[ NCMS000 : VMIP1S0 ]', 1), ('[ PI0MS000 : PI0FS000 ]', 1), ('[ AQ0FS0 : AQ0CS0 ]', 1), ('[ Z : NCFS000 ]', 1), ('[ NCCS000 : NP00000 ]', 1), ('[ VMP00PM : AQ0MS0 ]', 1), ('[ VMIP1S0 : VMIS3S0 ]', 1), ('[ AQ0CS0 : NCMS000 ]', 1), ('[ DA0MP0 : NP00000 ]', 1), ('[ NCMS000 : AQ0CP0 ]', 1), ('[ AQ0MS0 : NCMP000 ]', 1), ('[ AQ0CS0 : NCMP000 ]', 1)]